date,brand,sales,price,discount_rate,ad_spend,is_promotion,is_holiday,temperature,competitor_price
2021-01-01,BrandX,911,99.0,0.0,425,0,0,17.1,107.56
2021-01-02,BrandX,969,99.0,0.0,770,0,0,19.8,100.5
2021-01-03,BrandX,973,99.0,0.0,639,0,0,19.1,91.6
2021-01-04,BrandX,983,99.0,0.0,559,0,0,24.0,100.62
2021-01-05,BrandX,940,99.0,0.0,294,0,0,20.1,104.27
2021-01-06,BrandX,1006,99.0,0.0,294,0,0,23.4,97.15
2021-01-07,BrandX,937,99.0,0.0,235,0,0,23.0,106.52
2021-01-08,BrandX,1070,99.0,0.0,720,0,0,20.8,101.94
2021-01-09,BrandX,791,99.0,0.0,561,0,0,25.6,106.91
2021-01-10,BrandX,856,99.0,0.0,625,0,0,22.1,101.45
2021-01-11,BrandX,962,99.0,0.0,212,0,0,24.7,91.7
2021-01-12,BrandX,1105,99.0,0.0,782,0,0,24.7,95.23
2021-01-13,BrandX,1090,99.0,0.0,699,0,0,22.9,93.1
2021-01-14,BrandX,974,99.0,0.0,327,0,0,23.7,107.09
2021-01-15,BrandX,1009,99.0,0.0,309,0,0,23.6,104.16
2021-01-16,BrandX,807,99.0,0.0,310,0,0,20.3,102.49
2021-01-17,BrandX,853,99.0,0.0,383,0,0,22.8,95.06
2021-01-18,BrandX,935,99.0,0.0,515,0,0,25.0,92.74
2021-01-19,BrandX,904,99.0,0.0,459,0,0,26.1,104.08
2021-01-20,BrandX,1546,79.2,0.2,937,1,1,21.8,78.79
2021-01-21,BrandX,1737,79.2,0.2,1418,1,1,24.4,74.86
2021-01-22,BrandX,1673,79.2,0.2,709,1,1,23.8,81.05
2021-01-23,BrandX,1446,79.2,0.2,938,1,1,23.5,71.92
2021-01-24,BrandX,1556,79.2,0.2,1050,1,1,24.6,76.45
2021-01-25,BrandX,1649,79.2,0.2,1184,1,1,24.4,78.7
2021-01-26,BrandX,1840,79.2,0.2,1678,1,1,25.3,73.62
2021-01-27,BrandX,1624,79.2,0.2,800,1,1,27.2,86.88
2021-01-28,BrandX,1716,79.2,0.2,1271,1,1,26.0,74.59
2021-01-29,BrandX,1860,79.2,0.2,1389,1,1,25.3,73.34
2021-01-30,BrandX,1533,79.2,0.2,570,1,1,28.5,74.5
2021-01-31,BrandX,1560,79.2,0.2,1411,1,1,27.2,83.46
2021-02-01,BrandX,1669,79.2,0.2,756,1,1,24.9,78.02
2021-02-02,BrandX,1668,79.2,0.2,598,1,1,22.8,80.24
2021-02-03,BrandX,2132,79.2,0.2,1923,1,1,23.4,71.61
2021-02-04,BrandX,2047,79.2,0.2,1948,1,1,27.4,71.83
2021-02-05,BrandX,2004,79.2,0.2,1713,1,1,24.4,78.34
2021-02-06,BrandX,1602,79.2,0.2,957,1,1,23.8,84.22
2021-02-07,BrandX,1488,79.2,0.2,647,1,1,24.4,85.3
2021-02-08,BrandX,2043,79.2,0.2,1526,1,1,24.7,72.65
2021-02-09,BrandX,1739,79.2,0.2,1160,1,1,27.9,79.81
2021-02-10,BrandX,1848,79.2,0.2,683,1,1,26.0,85.75
2021-02-11,BrandX,1079,99.0,0.0,497,0,0,23.7,96.78
2021-02-12,BrandX,996,99.0,0.0,221,0,0,26.7,105.53
2021-02-13,BrandX,1039,99.0,0.0,746,0,0,27.2,91.75
2021-02-14,BrandX,875,99.0,0.0,355,0,0,25.9,107.62
2021-02-15,BrandX,1099,99.0,0.0,598,0,0,29.3,103.98
2021-02-16,BrandX,1004,99.0,0.0,387,0,0,26.3,107.74
2021-02-17,BrandX,1088,99.0,0.0,512,0,0,29.4,102.5
2021-02-18,BrandX,1061,99.0,0.0,528,0,0,28.5,96.3
2021-02-19,BrandX,943,99.0,0.0,311,0,0,29.3,107.68
2021-02-20,BrandX,982,99.0,0.0,782,0,0,25.4,94.56
2021-02-21,BrandX,943,99.0,0.0,665,0,0,27.9,95.68
2021-02-22,BrandX,1203,99.0,0.0,764,0,0,27.7,102.98
2021-02-23,BrandX,1102,99.0,0.0,737,0,0,25.1,104.25
2021-02-24,BrandX,974,99.0,0.0,559,0,0,30.2,107.5
2021-02-25,BrandX,1174,99.0,0.0,753,0,0,26.5,93.16
2021-02-26,BrandX,1094,99.0,0.0,253,0,0,27.0,104.9
2021-02-27,BrandX,962,99.0,0.0,318,0,0,26.3,103.72
2021-02-28,BrandX,855,99.0,0.0,227,0,0,29.8,90.36
2021-03-01,BrandX,960,99.0,0.0,395,0,0,25.4,96.77
2021-03-02,BrandX,1062,99.0,0.0,433,0,0,29.8,94.7
2021-03-03,BrandX,1042,99.0,0.0,363,0,0,30.8,95.13
2021-03-04,BrandX,1097,99.0,0.0,697,0,0,29.8,108.56
2021-03-05,BrandX,1107,99.0,0.0,414,0,0,30.3,101.83
2021-03-06,BrandX,1064,99.0,0.0,369,0,0,30.4,103.31
2021-03-07,BrandX,1017,99.0,0.0,526,0,0,27.1,108.44
2021-03-08,BrandX,1054,99.0,0.0,285,0,0,31.9,96.57
2021-03-09,BrandX,1111,99.0,0.0,681,0,0,28.2,104.98
2021-03-10,BrandX,1123,99.0,0.0,245,0,0,29.1,97.7
2021-03-11,BrandX,1202,99.0,0.0,792,0,0,28.6,106.32
2021-03-12,BrandX,1137,99.0,0.0,663,0,0,30.3,92.68
2021-03-13,BrandX,966,99.0,0.0,319,0,0,28.3,107.86
2021-03-14,BrandX,959,99.0,0.0,203,0,0,29.6,93.43
2021-03-15,BrandX,1198,99.0,0.0,689,0,0,27.0,95.56
2021-03-16,BrandX,1246,99.0,0.0,624,0,0,31.9,104.07
2021-03-17,BrandX,1204,99.0,0.0,637,0,0,31.0,96.9
2021-03-18,BrandX,1175,99.0,0.0,663,0,0,29.1,101.14
2021-03-19,BrandX,1094,99.0,0.0,244,0,0,28.8,97.9
2021-03-20,BrandX,1045,99.0,0.0,415,0,0,31.0,103.8
2021-03-21,BrandX,897,99.0,0.0,270,0,0,28.4,93.62
2021-03-22,BrandX,1292,99.0,0.0,718,0,0,30.1,90.26
2021-03-23,BrandX,1165,99.0,0.0,574,0,0,32.2,95.04
2021-03-24,BrandX,1118,99.0,0.0,399,0,0,28.2,98.49
2021-03-25,BrandX,1135,99.0,0.0,238,0,0,30.6,92.43
2021-03-26,BrandX,1183,99.0,0.0,387,0,0,30.6,96.12
2021-03-27,BrandX,992,99.0,0.0,395,0,0,29.7,97.02
2021-03-28,BrandX,1159,99.0,0.0,638,0,0,29.0,90.24
2021-03-29,BrandX,1174,99.0,0.0,583,0,0,32.4,100.65
2021-03-30,BrandX,1366,99.0,0.0,732,0,0,28.8,106.61
2021-03-31,BrandX,1136,99.0,0.0,483,0,0,26.4,92.1
2021-04-01,BrandX,1140,99.0,0.0,272,0,0,31.3,100.94
2021-04-02,BrandX,1189,99.0,0.0,628,0,0,27.6,102.26
2021-04-03,BrandX,1272,99.0,0.0,656,0,0,31.4,97.4
2021-04-04,BrandX,1032,99.0,0.0,537,0,0,32.7,102.98
2021-04-05,BrandX,1289,99.0,0.0,663,0,0,31.2,97.23
2021-04-06,BrandX,1167,99.0,0.0,496,0,0,32.1,99.09
2021-04-07,BrandX,1199,99.0,0.0,514,0,0,34.0,89.25
2021-04-08,BrandX,1234,99.0,0.0,457,0,0,31.9,102.8
2021-04-09,BrandX,1211,99.0,0.0,215,0,0,30.6,102.19
2021-04-10,BrandX,1144,99.0,0.0,265,0,0,33.2,89.86
2021-04-11,BrandX,944,99.0,0.0,219,0,0,33.4,96.39
2021-04-12,BrandX,1275,99.0,0.0,582,0,0,33.4,108.48
2021-04-13,BrandX,1292,99.0,0.0,389,0,0,28.8,97.43
2021-04-14,BrandX,1142,99.0,0.0,505,0,0,27.1,99.04
2021-04-15,BrandX,1337,99.0,0.0,745,0,0,28.7,107.12
2021-04-16,BrandX,1203,99.0,0.0,350,0,0,31.1,103.3
2021-04-17,BrandX,1151,99.0,0.0,446,0,0,30.0,100.62
2021-04-18,BrandX,1145,99.0,0.0,653,0,0,29.2,104.9
2021-04-19,BrandX,1124,99.0,0.0,337,0,0,30.7,106.21
2021-04-20,BrandX,1071,99.0,0.0,246,0,0,26.6,98.15
2021-04-21,BrandX,1287,99.0,0.0,374,0,0,29.8,98.51
2021-04-22,BrandX,1275,99.0,0.0,297,0,0,31.7,96.74
2021-04-23,BrandX,1368,99.0,0.0,758,0,0,30.5,108.24
2021-04-24,BrandX,1190,99.0,0.0,685,0,0,30.7,102.9
2021-04-25,BrandX,1096,99.0,0.0,580,0,0,32.4,90.75
2021-04-26,BrandX,1384,99.0,0.0,723,0,0,29.0,106.19
2021-04-27,BrandX,1275,99.0,0.0,682,0,0,27.8,98.62
2021-04-28,BrandX,1190,99.0,0.0,312,0,0,31.4,90.46
2021-04-29,BrandX,1328,99.0,0.0,736,0,0,31.3,99.98
2021-04-30,BrandX,1291,99.0,0.0,524,0,0,30.0,97.36
2021-05-01,BrandX,1199,99.0,0.0,684,0,0,28.5,106.48
2021-05-02,BrandX,1266,99.0,0.0,738,0,0,28.7,93.14
2021-05-03,BrandX,1236,99.0,0.0,391,0,0,26.1,105.46
2021-05-04,BrandX,1281,99.0,0.0,266,0,0,30.8,100.14
2021-05-05,BrandX,1325,99.0,0.0,337,0,0,30.6,90.18
2021-05-06,BrandX,1309,99.0,0.0,456,0,0,25.7,108.34
2021-05-07,BrandX,1403,99.0,0.0,691,0,0,30.0,99.25
2021-05-08,BrandX,1403,99.0,0.0,716,0,0,29.0,94.86
2021-05-09,BrandX,1055,99.0,0.0,204,0,0,26.0,98.39
2021-05-10,BrandX,1255,99.0,0.0,506,0,0,25.6,106.09
2021-05-11,BrandX,1357,99.0,0.0,450,0,0,28.6,95.14
2021-05-12,BrandX,1400,99.0,0.0,333,0,0,27.0,92.91
2021-05-13,BrandX,1252,99.0,0.0,272,0,0,31.3,91.66
2021-05-14,BrandX,1413,99.0,0.0,403,0,0,29.4,95.0
2021-05-15,BrandX,1317,99.0,0.0,766,0,0,28.4,104.54
2021-05-16,BrandX,1162,99.0,0.0,394,0,0,28.4,98.44
2021-05-17,BrandX,1291,99.0,0.0,511,0,0,29.8,93.6
2021-05-18,BrandX,1424,99.0,0.0,622,0,0,28.8,92.39
2021-05-19,BrandX,1273,99.0,0.0,418,0,0,27.9,95.69
2021-05-20,BrandX,1445,99.0,0.0,783,0,0,24.9,107.71
2021-05-21,BrandX,1536,99.0,0.0,777,0,0,32.8,95.89
2021-05-22,BrandX,1187,99.0,0.0,351,0,0,24.4,108.66
2021-05-23,BrandX,1331,99.0,0.0,498,0,0,25.8,98.71
2021-05-24,BrandX,1256,99.0,0.0,381,0,0,23.0,92.65
2021-05-25,BrandX,1296,99.0,0.0,371,0,0,27.2,106.74
2021-05-26,BrandX,1202,99.0,0.0,222,0,0,26.3,98.22
2021-05-27,BrandX,1396,99.0,0.0,566,0,0,27.4,103.15
2021-05-28,BrandX,1421,99.0,0.0,502,0,0,22.3,108.58
2021-05-29,BrandX,1190,99.0,0.0,231,0,0,27.8,90.09
2021-05-30,BrandX,1302,99.0,0.0,367,0,0,23.9,91.01
2021-05-31,BrandX,1409,99.0,0.0,745,0,0,25.0,103.37
2021-06-01,BrandX,1349,99.0,0.0,344,0,0,27.0,94.68
2021-06-02,BrandX,1289,99.0,0.0,287,0,0,25.6,92.75
2021-06-03,BrandX,1406,99.0,0.0,494,0,0,25.5,89.88
2021-06-04,BrandX,1506,99.0,0.0,791,0,0,26.3,89.53
2021-06-05,BrandX,1268,99.0,0.0,345,0,0,25.4,104.43
2021-06-06,BrandX,1248,99.0,0.0,603,0,0,23.7,91.76
2021-06-07,BrandX,1387,99.0,0.0,657,0,0,23.9,98.36
2021-06-08,BrandX,1305,99.0,0.0,343,0,0,24.5,101.1
2021-06-09,BrandX,1423,99.0,0.0,637,0,0,22.2,97.58
2021-06-10,BrandX,1379,99.0,0.0,421,0,0,25.8,89.64
2021-06-11,BrandX,1466,99.0,0.0,579,0,0,24.2,104.61
2021-06-12,BrandX,1264,99.0,0.0,580,0,0,23.6,89.31
2021-06-13,BrandX,1203,99.0,0.0,521,0,0,25.7,104.19
2021-06-14,BrandX,1459,99.0,0.0,254,0,0,22.9,106.79
2021-06-15,BrandX,2182,79.2,0.2,1753,1,1,22.6,78.14
2021-06-16,BrandX,2070,79.2,0.2,981,1,1,21.9,79.76
2021-06-17,BrandX,1962,79.2,0.2,780,1,1,23.3,78.84
2021-06-18,BrandX,1911,79.2,0.2,561,1,1,23.1,77.45
2021-06-19,BrandX,2034,79.2,0.2,1386,1,1,21.0,85.34
2021-06-20,BrandX,2051,79.2,0.2,1516,1,1,21.8,85.44
2021-06-21,BrandX,1352,99.0,0.0,210,0,0,20.7,95.75
2021-06-22,BrandX,1388,99.0,0.0,507,0,0,20.4,101.28
2021-06-23,BrandX,1434,99.0,0.0,336,0,0,18.2,107.45
2021-06-24,BrandX,1474,99.0,0.0,587,0,0,21.0,108.15
2021-06-25,BrandX,1392,99.0,0.0,305,0,0,17.9,99.18
2021-06-26,BrandX,1309,99.0,0.0,615,0,0,20.2,98.07
2021-06-27,BrandX,1271,99.0,0.0,432,0,0,19.7,94.62
2021-06-28,BrandX,1423,99.0,0.0,762,0,0,22.9,108.09
2021-06-29,BrandX,1330,99.0,0.0,283,0,0,18.6,91.93
2021-06-30,BrandX,1326,99.0,0.0,405,0,0,18.9,100.58
2021-07-01,BrandX,1426,99.0,0.0,268,0,0,19.5,94.69
2021-07-02,BrandX,1497,99.0,0.0,755,0,0,18.9,94.62
2021-07-03,BrandX,1386,99.0,0.0,726,0,0,22.7,97.12
2021-07-04,BrandX,1251,99.0,0.0,355,0,0,17.5,108.88
2021-07-05,BrandX,1458,99.0,0.0,596,0,0,18.8,90.19
2021-07-06,BrandX,1623,99.0,0.0,690,0,0,20.1,100.56
2021-07-07,BrandX,1410,99.0,0.0,533,0,0,21.0,90.73
2021-07-08,BrandX,1384,99.0,0.0,518,0,0,18.3,92.16
2021-07-09,BrandX,1403,99.0,0.0,345,0,0,15.1,97.8
2021-07-10,BrandX,1083,99.0,0.0,256,0,0,18.4,99.21
2021-07-11,BrandX,1383,99.0,0.0,738,0,0,21.3,94.22
2021-07-12,BrandX,1467,99.0,0.0,740,0,0,19.0,95.37
2021-07-13,BrandX,1381,99.0,0.0,580,0,0,18.7,90.82
2021-07-14,BrandX,1418,99.0,0.0,403,0,0,15.9,95.1
2021-07-15,BrandX,1392,99.0,0.0,410,0,0,15.6,108.24
2021-07-16,BrandX,1348,99.0,0.0,636,0,0,17.8,107.81
2021-07-17,BrandX,1337,99.0,0.0,738,0,0,14.7,95.73
2021-07-18,BrandX,1200,99.0,0.0,732,0,0,18.9,100.4
2021-07-19,BrandX,1481,99.0,0.0,668,0,0,15.5,107.11
2021-07-20,BrandX,1455,99.0,0.0,585,0,0,17.0,89.22
2021-07-21,BrandX,1289,99.0,0.0,250,0,0,13.1,105.15
2021-07-22,BrandX,1382,99.0,0.0,297,0,0,15.9,107.88
2021-07-23,BrandX,1404,99.0,0.0,739,0,0,14.2,90.91
2021-07-24,BrandX,1260,99.0,0.0,564,0,0,11.8,92.3
2021-07-25,BrandX,1234,99.0,0.0,206,0,0,17.3,108.12
2021-07-26,BrandX,1293,99.0,0.0,261,0,0,19.4,99.74
2021-07-27,BrandX,1431,99.0,0.0,598,0,0,18.2,89.38
2021-07-28,BrandX,1281,99.0,0.0,203,0,0,17.1,94.2
2021-07-29,BrandX,1317,99.0,0.0,296,0,0,14.8,98.01
2021-07-30,BrandX,1388,99.0,0.0,529,0,0,17.1,102.82
2021-07-31,BrandX,1282,99.0,0.0,615,0,0,17.8,103.62
2021-08-01,BrandX,1334,99.0,0.0,591,0,0,15.4,108.81
2021-08-02,BrandX,1310,99.0,0.0,335,0,0,12.6,94.79
2021-08-03,BrandX,1435,99.0,0.0,627,0,0,13.9,99.76
2021-08-04,BrandX,1303,99.0,0.0,342,0,0,18.1,99.66
2021-08-05,BrandX,1269,99.0,0.0,395,0,0,14.4,97.13
2021-08-06,BrandX,1490,99.0,0.0,648,0,0,7.8,92.45
2021-08-07,BrandX,1336,99.0,0.0,590,0,0,11.3,108.45
2021-08-08,BrandX,1477,99.0,0.0,710,0,0,13.3,106.0
2021-08-09,BrandX,1351,99.0,0.0,595,0,0,16.1,98.97
2021-08-10,BrandX,1383,99.0,0.0,541,0,0,13.3,101.04
2021-08-11,BrandX,1301,99.0,0.0,256,0,0,15.8,93.6
2021-08-12,BrandX,1415,99.0,0.0,421,0,0,12.5,99.87
2021-08-13,BrandX,1305,99.0,0.0,359,0,0,9.5,102.86
2021-08-14,BrandX,1149,99.0,0.0,346,0,0,12.4,99.3
2021-08-15,BrandX,1421,99.0,0.0,784,0,0,13.9,108.71
2021-08-16,BrandX,1333,99.0,0.0,436,0,0,13.6,101.2
2021-08-17,BrandX,1492,99.0,0.0,735,0,0,10.5,96.45
2021-08-18,BrandX,1436,99.0,0.0,579,0,0,12.1,104.39
2021-08-19,BrandX,1416,99.0,0.0,677,0,0,18.1,92.48
2021-08-20,BrandX,1352,99.0,0.0,502,0,0,10.1,96.71
2021-08-21,BrandX,1240,99.0,0.0,546,0,0,13.8,95.97
2021-08-22,BrandX,1245,99.0,0.0,496,0,0,8.2,97.65
2021-08-23,BrandX,1352,99.0,0.0,317,0,0,14.0,104.58
2021-08-24,BrandX,1345,99.0,0.0,633,0,0,10.4,98.69
2021-08-25,BrandX,1317,99.0,0.0,368,0,0,12.9,104.82
2021-08-26,BrandX,1195,99.0,0.0,215,0,0,9.4,100.51
2021-08-27,BrandX,1311,99.0,0.0,587,0,0,12.4,95.87
2021-08-28,BrandX,1172,99.0,0.0,306,0,0,9.9,105.14
2021-08-29,BrandX,1191,99.0,0.0,764,0,0,10.2,93.82
2021-08-30,BrandX,1542,99.0,0.0,772,0,0,12.4,93.54
2021-08-31,BrandX,1337,99.0,0.0,749,0,0,10.6,99.09
2021-09-01,BrandX,1306,99.0,0.0,422,0,0,12.1,94.26
2021-09-02,BrandX,1312,99.0,0.0,209,0,0,10.9,89.28
2021-09-03,BrandX,1351,99.0,0.0,757,0,0,11.3,101.94
2021-09-04,BrandX,1062,99.0,0.0,457,0,0,12.0,99.22
2021-09-05,BrandX,1267,99.0,0.0,780,0,0,10.4,97.92
2021-09-06,BrandX,1348,99.0,0.0,778,0,0,9.0,108.25
2021-09-07,BrandX,1241,99.0,0.0,712,0,0,9.8,100.41
2021-09-08,BrandX,1292,99.0,0.0,377,0,0,13.2,106.2
2021-09-09,BrandX,1300,99.0,0.0,431,0,0,11.0,91.86
2021-09-10,BrandX,1437,99.0,0.0,711,0,0,9.0,100.37
2021-09-11,BrandX,1092,99.0,0.0,390,0,0,11.4,106.29
2021-09-12,BrandX,1034,99.0,0.0,302,0,0,11.5,100.65
2021-09-13,BrandX,1282,99.0,0.0,534,0,0,11.6,103.32
2021-09-14,BrandX,1367,99.0,0.0,762,0,0,8.5,96.47
2021-09-15,BrandX,1381,99.0,0.0,618,0,0,9.1,90.93
2021-09-16,BrandX,1384,99.0,0.0,542,0,0,9.0,98.17
2021-09-17,BrandX,1284,99.0,0.0,258,0,0,9.6,96.91
2021-09-18,BrandX,1208,99.0,0.0,569,0,0,11.4,106.27
2021-09-19,BrandX,1304,99.0,0.0,794,0,0,10.8,93.93
2021-09-20,BrandX,1171,99.0,0.0,284,0,0,11.0,108.24
2021-09-21,BrandX,1285,99.0,0.0,511,0,0,12.9,108.07
2021-09-22,BrandX,1265,99.0,0.0,726,0,0,11.5,94.0
2021-09-23,BrandX,1312,99.0,0.0,644,0,0,9.8,95.99
2021-09-24,BrandX,1303,99.0,0.0,618,0,0,7.7,106.83
2021-09-25,BrandX,1288,99.0,0.0,621,0,0,8.6,108.24
2021-09-26,BrandX,1106,99.0,0.0,416,0,0,9.5,97.88
2021-09-27,BrandX,1220,99.0,0.0,376,0,0,11.7,95.46
2021-09-28,BrandX,1319,99.0,0.0,686,0,0,10.0,99.52
2021-09-29,BrandX,1274,99.0,0.0,686,0,0,8.7,102.72
2021-09-30,BrandX,1260,99.0,0.0,720,0,0,8.5,94.51
2021-10-01,BrandX,2048,79.2,0.2,1870,1,1,9.9,82.95
2021-10-02,BrandX,1617,79.2,0.2,1267,1,1,11.8,72.1
2021-10-03,BrandX,1588,79.2,0.2,1252,1,1,13.2,72.06
2021-10-04,BrandX,1949,79.2,0.2,1697,1,1,9.6,77.4
2021-10-05,BrandX,1908,79.2,0.2,1475,1,1,9.9,76.88
2021-10-06,BrandX,1831,79.2,0.2,1553,1,1,7.6,76.28
2021-10-07,BrandX,1871,79.2,0.2,1694,1,1,13.9,79.06
2021-10-08,BrandX,1304,99.0,0.0,734,0,0,7.3,95.45
2021-10-09,BrandX,1032,99.0,0.0,403,0,0,12.4,92.91
2021-10-10,BrandX,1031,99.0,0.0,425,0,0,9.4,95.23
2021-10-11,BrandX,1187,99.0,0.0,256,0,0,8.9,108.4
2021-10-12,BrandX,1254,99.0,0.0,547,0,0,7.9,97.24
2021-10-13,BrandX,1196,99.0,0.0,222,0,0,15.0,97.91
2021-10-14,BrandX,1116,99.0,0.0,479,0,0,10.7,100.52
2021-10-15,BrandX,1172,99.0,0.0,526,0,0,10.3,108.57
2021-10-16,BrandX,1060,99.0,0.0,372,0,0,12.1,93.88
2021-10-17,BrandX,1039,99.0,0.0,554,0,0,9.0,102.59
2021-10-18,BrandX,1139,99.0,0.0,218,0,0,10.4,103.28
2021-10-19,BrandX,1172,99.0,0.0,222,0,0,10.5,101.13
2021-10-20,BrandX,1202,99.0,0.0,694,0,0,9.5,90.85
2021-10-21,BrandX,1153,99.0,0.0,416,0,0,12.9,102.5
2021-10-22,BrandX,1193,99.0,0.0,276,0,0,10.2,90.37
2021-10-23,BrandX,1172,99.0,0.0,513,0,0,7.5,100.9
2021-10-24,BrandX,1150,99.0,0.0,662,0,0,10.1,103.74
2021-10-25,BrandX,1148,99.0,0.0,329,0,0,11.3,93.28
2021-10-26,BrandX,1132,99.0,0.0,574,0,0,9.1,105.76
2021-10-27,BrandX,1105,99.0,0.0,251,0,0,9.3,89.7
2021-10-28,BrandX,1108,99.0,0.0,231,0,0,9.9,105.81
2021-10-29,BrandX,1145,99.0,0.0,519,0,0,13.5,98.21
2021-10-30,BrandX,1011,99.0,0.0,524,0,0,10.2,93.41
2021-10-31,BrandX,984,99.0,0.0,582,0,0,14.1,91.75
2021-11-01,BrandX,1080,99.0,0.0,636,0,0,10.1,107.98
2021-11-02,BrandX,1110,99.0,0.0,786,0,0,12.0,90.54
2021-11-03,BrandX,1176,99.0,0.0,510,0,0,10.6,93.04
2021-11-04,BrandX,1112,99.0,0.0,394,0,0,13.1,95.99
2021-11-05,BrandX,1157,99.0,0.0,677,0,0,9.4,101.38
2021-11-06,BrandX,959,99.0,0.0,362,0,0,13.3,99.89
2021-11-07,BrandX,1019,99.0,0.0,463,0,0,12.1,91.59
2021-11-08,BrandX,1039,99.0,0.0,247,0,0,10.7,94.84
2021-11-09,BrandX,956,99.0,0.0,215,0,0,11.7,93.83
2021-11-10,BrandX,1258,99.0,0.0,778,0,0,15.2,93.33
2021-11-11,BrandX,2431,79.2,0.2,1754,1,1,12.6,77.79
2021-11-12,BrandX,1166,99.0,0.0,618,0,0,11.0,103.04
2021-11-13,BrandX,1036,99.0,0.0,445,0,0,10.1,93.41
2021-11-14,BrandX,893,99.0,0.0,304,0,0,13.6,96.36
2021-11-15,BrandX,1119,99.0,0.0,294,0,0,13.1,96.84
2021-11-16,BrandX,1052,99.0,0.0,350,0,0,14.2,108.43
2021-11-17,BrandX,1166,99.0,0.0,530,0,0,10.1,108.0
2021-11-18,BrandX,1184,99.0,0.0,629,0,0,10.8,104.94
2021-11-19,BrandX,1066,99.0,0.0,596,0,0,15.5,93.88
2021-11-20,BrandX,977,99.0,0.0,368,0,0,14.0,90.45
2021-11-21,BrandX,1086,99.0,0.0,773,0,0,14.6,95.37
2021-11-22,BrandX,1137,99.0,0.0,643,0,0,11.7,94.38
2021-11-23,BrandX,1095,99.0,0.0,533,0,0,11.8,99.12
2021-11-24,BrandX,1104,99.0,0.0,567,0,0,15.9,104.5
2021-11-25,BrandX,1121,99.0,0.0,452,0,0,16.1,106.09
2021-11-26,BrandX,1075,99.0,0.0,349,0,0,12.0,105.83
2021-11-27,BrandX,949,99.0,0.0,414,0,0,11.7,96.22
2021-11-28,BrandX,929,99.0,0.0,655,0,0,14.2,102.71
2021-11-29,BrandX,1022,99.0,0.0,209,0,0,13.0,95.29
2021-11-30,BrandX,1053,99.0,0.0,270,0,0,13.1,90.31
2021-12-01,BrandX,1133,99.0,0.0,228,0,0,12.4,102.99
2021-12-02,BrandX,1057,99.0,0.0,224,0,0,14.1,89.29
2021-12-03,BrandX,1024,99.0,0.0,713,0,0,12.9,97.2
2021-12-04,BrandX,1004,99.0,0.0,622,0,0,13.1,95.62
2021-12-05,BrandX,1065,99.0,0.0,485,0,0,16.1,102.83
2021-12-06,BrandX,1035,99.0,0.0,259,0,0,15.5,104.27
2021-12-07,BrandX,1087,99.0,0.0,495,0,0,16.8,95.12
2021-12-08,BrandX,1116,99.0,0.0,484,0,0,12.7,105.17
2021-12-09,BrandX,970,99.0,0.0,304,0,0,16.1,94.92
2021-12-10,BrandX,1082,99.0,0.0,460,0,0,20.4,97.94
2021-12-11,BrandX,921,99.0,0.0,439,0,0,15.7,103.49
2021-12-12,BrandX,973,99.0,0.0,570,0,0,18.2,102.82
2021-12-13,BrandX,1136,99.0,0.0,581,0,0,18.4,108.65
2021-12-14,BrandX,924,99.0,0.0,227,0,0,18.6,93.56
2021-12-15,BrandX,1115,99.0,0.0,425,0,0,17.4,102.21
2021-12-16,BrandX,1057,99.0,0.0,576,0,0,18.4,101.17
2021-12-17,BrandX,1075,99.0,0.0,502,0,0,18.8,107.22
2021-12-18,BrandX,928,99.0,0.0,714,0,0,18.8,92.2
2021-12-19,BrandX,1019,99.0,0.0,595,0,0,15.5,103.99
2021-12-20,BrandX,1083,99.0,0.0,298,0,0,14.5,100.35
2021-12-21,BrandX,948,99.0,0.0,242,0,0,15.0,94.54
2021-12-22,BrandX,1015,99.0,0.0,585,0,0,17.7,98.49
2021-12-23,BrandX,987,99.0,0.0,216,0,0,19.6,95.71
2021-12-24,BrandX,1158,99.0,0.0,551,0,0,16.4,100.57
2021-12-25,BrandX,937,99.0,0.0,764,0,0,20.6,106.7
2021-12-26,BrandX,892,99.0,0.0,545,0,0,17.9,100.37
2021-12-27,BrandX,1007,99.0,0.0,433,0,0,18.1,101.61
2021-12-28,BrandX,1031,99.0,0.0,586,0,0,17.6,99.37
2021-12-29,BrandX,998,99.0,0.0,475,0,0,15.7,90.11
2021-12-30,BrandX,937,99.0,0.0,527,0,0,20.1,93.71
2021-12-31,BrandX,1170,99.0,0.0,765,0,0,23.2,98.84
2022-01-01,BrandX,975,89.0,0.0,432,0,0,19.8,85.62
2022-01-02,BrandX,956,89.0,0.0,777,0,0,16.4,83.34
2022-01-03,BrandX,1246,89.0,0.0,743,0,0,21.9,89.07
2022-01-04,BrandX,1132,89.0,0.0,317,0,0,17.2,85.85
2022-01-05,BrandX,964,89.0,0.0,242,0,0,18.2,84.69
2022-01-06,BrandX,1085,89.0,0.0,260,0,0,20.3,88.36
2022-01-07,BrandX,966,89.0,0.0,211,0,0,21.2,82.47
2022-01-08,BrandX,916,89.0,0.0,257,0,0,19.1,96.61
2022-01-09,BrandX,961,89.0,0.0,610,0,0,20.8,95.55
2022-01-10,BrandX,1145,89.0,0.0,243,0,0,22.9,92.7
2022-01-11,BrandX,1040,89.0,0.0,391,0,0,23.4,81.99
2022-01-12,BrandX,1160,89.0,0.0,707,0,0,24.3,93.91
2022-01-13,BrandX,964,89.0,0.0,214,0,0,25.8,94.48
2022-01-14,BrandX,1261,89.0,0.0,689,0,0,23.8,93.77
2022-01-15,BrandX,1057,89.0,0.0,369,0,0,21.9,82.13
2022-01-16,BrandX,1014,89.0,0.0,271,0,0,24.2,91.56
2022-01-17,BrandX,1188,89.0,0.0,618,0,0,23.6,94.95
2022-01-18,BrandX,1082,89.0,0.0,577,0,0,23.9,90.38
2022-01-19,BrandX,1216,89.0,0.0,726,0,0,23.4,91.61
2022-01-20,BrandX,1943,71.2,0.2,1603,1,1,21.3,70.61
2022-01-21,BrandX,2054,71.2,0.2,1705,1,1,21.3,71.61
2022-01-22,BrandX,1699,71.2,0.2,923,1,1,23.3,64.57
2022-01-23,BrandX,1548,71.2,0.2,766,1,1,24.0,73.18
2022-01-24,BrandX,2013,71.2,0.2,1626,1,1,22.5,65.24
2022-01-25,BrandX,2024,71.2,0.2,1710,1,1,24.8,70.27
2022-01-26,BrandX,1901,71.2,0.2,1986,1,1,28.3,68.25
2022-01-27,BrandX,1857,71.2,0.2,1119,1,1,20.8,71.85
2022-01-28,BrandX,1766,71.2,0.2,1058,1,1,25.6,65.98
2022-01-29,BrandX,1813,71.2,0.2,1665,1,1,24.5,73.93
2022-01-30,BrandX,1621,71.2,0.2,1011,1,1,25.6,75.4
2022-01-31,BrandX,2041,71.2,0.2,1896,1,1,24.0,66.41
2022-02-01,BrandX,2147,71.2,0.2,1788,1,1,24.8,65.57
2022-02-02,BrandX,1845,71.2,0.2,1143,1,1,25.5,66.15
2022-02-03,BrandX,2085,71.2,0.2,1626,1,1,24.7,76.57
2022-02-04,BrandX,2112,71.2,0.2,1632,1,1,22.4,71.6
2022-02-05,BrandX,1788,71.2,0.2,655,1,1,25.2,70.73
2022-02-06,BrandX,1974,71.2,0.2,1854,1,1,22.9,65.6
2022-02-07,BrandX,1951,71.2,0.2,1258,1,1,27.2,73.33
2022-02-08,BrandX,2135,71.2,0.2,1740,1,1,22.3,76.44
2022-02-09,BrandX,1962,71.2,0.2,980,1,1,28.2,75.87
2022-02-10,BrandX,2136,71.2,0.2,1843,1,1,27.2,73.0
2022-02-11,BrandX,1193,89.0,0.0,434,0,0,27.3,81.44
2022-02-12,BrandX,829,89.0,0.0,207,0,0,22.3,82.1
2022-02-13,BrandX,1033,89.0,0.0,743,0,0,26.1,80.98
2022-02-14,BrandX,1095,89.0,0.0,255,0,0,29.1,84.68
2022-02-15,BrandX,1033,89.0,0.0,392,0,0,25.9,82.51
2022-02-16,BrandX,1164,89.0,0.0,770,0,0,24.9,84.73
2022-02-17,BrandX,1205,89.0,0.0,770,0,0,25.9,86.95
2022-02-18,BrandX,1218,89.0,0.0,544,0,0,27.2,96.89
2022-02-19,BrandX,961,89.0,0.0,579,0,0,25.7,90.96
2022-02-20,BrandX,1055,89.0,0.0,469,0,0,30.0,94.96
2022-02-21,BrandX,1192,89.0,0.0,376,0,0,27.5,92.74
2022-02-22,BrandX,1127,89.0,0.0,397,0,0,26.7,82.1
2022-02-23,BrandX,1182,89.0,0.0,604,0,0,25.3,93.2
2022-02-24,BrandX,1245,89.0,0.0,651,0,0,29.0,85.0
2022-02-25,BrandX,1220,89.0,0.0,675,0,0,29.0,91.48
2022-02-26,BrandX,1207,89.0,0.0,674,0,0,26.6,86.17
2022-02-27,BrandX,934,89.0,0.0,255,0,0,23.8,97.86
2022-02-28,BrandX,1184,89.0,0.0,497,0,0,29.2,84.79
2022-03-01,BrandX,1124,89.0,0.0,235,0,0,28.1,85.07
2022-03-02,BrandX,1180,89.0,0.0,530,0,0,29.2,96.67
2022-03-03,BrandX,1014,89.0,0.0,465,0,0,32.6,80.54
2022-03-04,BrandX,1260,89.0,0.0,733,0,0,28.7,92.5
2022-03-05,BrandX,1121,89.0,0.0,411,0,0,27.8,93.01
2022-03-06,BrandX,1075,89.0,0.0,270,0,0,26.6,94.99
2022-03-07,BrandX,1167,89.0,0.0,286,0,0,28.3,97.45
2022-03-08,BrandX,1195,89.0,0.0,657,0,0,29.4,97.47
2022-03-09,BrandX,1262,89.0,0.0,571,0,0,29.2,81.26
2022-03-10,BrandX,1114,89.0,0.0,261,0,0,32.6,94.73
2022-03-11,BrandX,1170,89.0,0.0,250,0,0,30.3,91.6
2022-03-12,BrandX,1160,89.0,0.0,621,0,0,29.1,91.62
2022-03-13,BrandX,985,89.0,0.0,244,0,0,28.0,82.38
2022-03-14,BrandX,1238,89.0,0.0,693,0,0,30.0,91.67
2022-03-15,BrandX,1296,89.0,0.0,624,0,0,27.7,97.59
2022-03-16,BrandX,1152,89.0,0.0,249,0,0,29.9,96.33
2022-03-17,BrandX,1119,89.0,0.0,251,0,0,30.6,87.92
2022-03-18,BrandX,1280,89.0,0.0,792,0,0,29.2,80.81
2022-03-19,BrandX,1100,89.0,0.0,425,0,0,28.4,86.55
2022-03-20,BrandX,1216,89.0,0.0,422,0,0,25.4,94.81
2022-03-21,BrandX,1283,89.0,0.0,688,0,0,32.1,92.59
2022-03-22,BrandX,1342,89.0,0.0,768,0,0,30.6,88.28
2022-03-23,BrandX,1359,89.0,0.0,792,0,0,30.7,81.08
2022-03-24,BrandX,1247,89.0,0.0,652,0,0,26.7,87.7
2022-03-25,BrandX,1145,89.0,0.0,426,0,0,32.7,88.45
2022-03-26,BrandX,1030,89.0,0.0,250,0,0,29.0,96.63
2022-03-27,BrandX,1235,89.0,0.0,666,0,0,29.4,91.51
2022-03-28,BrandX,1299,89.0,0.0,535,0,0,27.8,85.65
2022-03-29,BrandX,1316,89.0,0.0,455,0,0,26.4,89.45
2022-03-30,BrandX,1370,89.0,0.0,744,0,0,32.3,81.28
2022-03-31,BrandX,1218,89.0,0.0,267,0,0,32.6,97.41
2022-04-01,BrandX,1261,89.0,0.0,496,0,0,29.7,86.51
2022-04-02,BrandX,1157,89.0,0.0,207,0,0,28.6,88.61
2022-04-03,BrandX,1135,89.0,0.0,481,0,0,29.2,86.42
2022-04-04,BrandX,1163,89.0,0.0,234,0,0,29.3,92.25
2022-04-05,BrandX,1278,89.0,0.0,271,0,0,27.6,91.89
2022-04-06,BrandX,1168,89.0,0.0,271,0,0,29.4,92.83
2022-04-07,BrandX,1492,89.0,0.0,590,0,0,30.3,84.87
2022-04-08,BrandX,1373,89.0,0.0,648,0,0,32.0,85.72
2022-04-09,BrandX,1253,89.0,0.0,550,0,0,30.0,82.33
2022-04-10,BrandX,1256,89.0,0.0,777,0,0,26.8,91.77
2022-04-11,BrandX,1293,89.0,0.0,425,0,0,30.6,80.81
2022-04-12,BrandX,1274,89.0,0.0,371,0,0,29.4,90.74
2022-04-13,BrandX,1376,89.0,0.0,721,0,0,32.6,95.58
2022-04-14,BrandX,1333,89.0,0.0,334,0,0,32.7,95.96
2022-04-15,BrandX,1405,89.0,0.0,778,0,0,32.7,88.09
2022-04-16,BrandX,1216,89.0,0.0,207,0,0,28.6,88.28
2022-04-17,BrandX,1490,89.0,0.0,782,0,0,33.7,81.47
2022-04-18,BrandX,1260,89.0,0.0,226,0,0,30.4,92.04
2022-04-19,BrandX,1443,89.0,0.0,735,0,0,32.9,94.72
2022-04-20,BrandX,1394,89.0,0.0,517,0,0,28.5,84.45
2022-04-21,BrandX,1567,89.0,0.0,796,0,0,28.9,87.6
2022-04-22,BrandX,1292,89.0,0.0,244,0,0,30.0,95.03
2022-04-23,BrandX,1227,89.0,0.0,532,0,0,29.7,95.71
2022-04-24,BrandX,1279,89.0,0.0,782,0,0,31.8,84.43
2022-04-25,BrandX,1384,89.0,0.0,514,0,0,28.8,89.9
2022-04-26,BrandX,1383,89.0,0.0,578,0,0,31.5,83.53
2022-04-27,BrandX,1546,89.0,0.0,617,0,0,30.6,81.91
2022-04-28,BrandX,1492,89.0,0.0,473,0,0,28.6,96.32
2022-04-29,BrandX,1358,89.0,0.0,577,0,0,30.3,94.71
2022-04-30,BrandX,1263,89.0,0.0,551,0,0,28.0,93.63
2022-05-01,BrandX,1370,89.0,0.0,741,0,0,33.5,80.97
2022-05-02,BrandX,1409,89.0,0.0,227,0,0,23.4,95.12
2022-05-03,BrandX,1374,89.0,0.0,369,0,0,30.0,87.9
2022-05-04,BrandX,1455,89.0,0.0,770,0,0,25.0,86.19
2022-05-05,BrandX,1483,89.0,0.0,734,0,0,28.0,89.83
2022-05-06,BrandX,1374,89.0,0.0,473,0,0,28.2,81.73
2022-05-07,BrandX,1370,89.0,0.0,572,0,0,31.3,93.57
2022-05-08,BrandX,1233,89.0,0.0,366,0,0,26.8,90.47
2022-05-09,BrandX,1342,89.0,0.0,313,0,0,30.7,83.42
2022-05-10,BrandX,1495,89.0,0.0,478,0,0,25.6,83.45
2022-05-11,BrandX,1362,89.0,0.0,412,0,0,30.6,83.38
2022-05-12,BrandX,1366,89.0,0.0,550,0,0,26.8,81.11
2022-05-13,BrandX,1370,89.0,0.0,247,0,0,27.8,90.56
2022-05-14,BrandX,1397,89.0,0.0,785,0,0,26.9,95.06
2022-05-15,BrandX,1454,89.0,0.0,792,0,0,30.0,80.41
2022-05-16,BrandX,1503,89.0,0.0,619,0,0,29.5,80.97
2022-05-17,BrandX,1456,89.0,0.0,522,0,0,28.1,90.3
2022-05-18,BrandX,1416,89.0,0.0,386,0,0,24.8,94.69
2022-05-19,BrandX,1469,89.0,0.0,688,0,0,25.5,85.92
2022-05-20,BrandX,1498,89.0,0.0,611,0,0,24.8,86.32
2022-05-21,BrandX,1344,89.0,0.0,298,0,0,22.2,90.71
2022-05-22,BrandX,1370,89.0,0.0,747,0,0,29.1,84.98
2022-05-23,BrandX,1524,89.0,0.0,694,0,0,25.8,80.57
2022-05-24,BrandX,1612,89.0,0.0,770,0,0,25.7,93.19
2022-05-25,BrandX,1542,89.0,0.0,635,0,0,29.2,91.24
2022-05-26,BrandX,1573,89.0,0.0,568,0,0,25.1,90.44
2022-05-27,BrandX,1427,89.0,0.0,451,0,0,24.2,93.3
2022-05-28,BrandX,1336,89.0,0.0,760,0,0,25.3,92.12
2022-05-29,BrandX,1448,89.0,0.0,720,0,0,23.4,83.76
2022-05-30,BrandX,1423,89.0,0.0,227,0,0,26.2,86.37
2022-05-31,BrandX,1482,89.0,0.0,216,0,0,24.6,82.34
2022-06-01,BrandX,1536,89.0,0.0,426,0,0,24.2,82.41
2022-06-02,BrandX,1577,89.0,0.0,686,0,0,23.9,92.14
2022-06-03,BrandX,1624,89.0,0.0,792,0,0,24.7,95.38
2022-06-04,BrandX,1308,89.0,0.0,290,0,0,24.9,97.24
2022-06-05,BrandX,1328,89.0,0.0,556,0,0,23.6,91.28
2022-06-06,BrandX,1482,89.0,0.0,429,0,0,23.7,83.38
2022-06-07,BrandX,1641,89.0,0.0,782,0,0,24.1,81.98
2022-06-08,BrandX,1600,89.0,0.0,705,0,0,23.8,94.57
2022-06-09,BrandX,1612,89.0,0.0,703,0,0,24.1,90.4
2022-06-10,BrandX,1471,89.0,0.0,481,0,0,22.5,91.11
2022-06-11,BrandX,1363,89.0,0.0,449,0,0,25.7,94.01
2022-06-12,BrandX,1384,89.0,0.0,364,0,0,23.7,92.62
2022-06-13,BrandX,1394,89.0,0.0,234,0,0,22.3,94.95
2022-06-14,BrandX,1543,89.0,0.0,719,0,0,23.9,81.1
2022-06-15,BrandX,2357,71.2,0.2,1719,1,1,22.9,74.72
2022-06-16,BrandX,2470,71.2,0.2,2000,1,1,19.4,76.2
2022-06-17,BrandX,2412,71.2,0.2,1995,1,1,23.4,68.15
2022-06-18,BrandX,2047,71.2,0.2,1333,1,1,20.5,73.2
2022-06-19,BrandX,2169,71.2,0.2,1653,1,1,24.2,68.55
2022-06-20,BrandX,2416,71.2,0.2,1917,1,1,21.7,77.72
2022-06-21,BrandX,1590,89.0,0.0,710,0,0,23.6,80.69
2022-06-22,BrandX,1486,89.0,0.0,348,0,0,20.6,90.42
2022-06-23,BrandX,1540,89.0,0.0,470,0,0,21.8,83.06
2022-06-24,BrandX,1452,89.0,0.0,277,0,0,23.9,92.78
2022-06-25,BrandX,1507,89.0,0.0,772,0,0,20.8,83.23
2022-06-26,BrandX,1426,89.0,0.0,564,0,0,20.0,84.29
2022-06-27,BrandX,1540,89.0,0.0,337,0,0,22.3,88.9
2022-06-28,BrandX,1638,89.0,0.0,603,0,0,22.1,96.38
2022-06-29,BrandX,1471,89.0,0.0,571,0,0,19.6,83.87
2022-06-30,BrandX,1481,89.0,0.0,415,0,0,16.5,82.67
2022-07-01,BrandX,1454,89.0,0.0,268,0,0,19.1,93.61
2022-07-02,BrandX,1427,89.0,0.0,603,0,0,21.5,89.01
2022-07-03,BrandX,1524,89.0,0.0,512,0,0,18.4,96.33
2022-07-04,BrandX,1585,89.0,0.0,663,0,0,19.8,82.71
2022-07-05,BrandX,1478,89.0,0.0,512,0,0,18.3,91.6
2022-07-06,BrandX,1622,89.0,0.0,711,0,0,15.6,84.25
2022-07-07,BrandX,1549,89.0,0.0,531,0,0,17.9,82.89
2022-07-08,BrandX,1552,89.0,0.0,537,0,0,20.5,92.27
2022-07-09,BrandX,1589,89.0,0.0,726,0,0,14.2,90.67
2022-07-10,BrandX,1416,89.0,0.0,442,0,0,19.3,93.54
2022-07-11,BrandX,1438,89.0,0.0,280,0,0,16.2,85.61
2022-07-12,BrandX,1320,89.0,0.0,217,0,0,19.7,88.07
2022-07-13,BrandX,1558,89.0,0.0,653,0,0,19.7,87.32
2022-07-14,BrandX,1621,89.0,0.0,572,0,0,17.8,97.62
2022-07-15,BrandX,1552,89.0,0.0,622,0,0,17.6,85.3
2022-07-16,BrandX,1224,89.0,0.0,328,0,0,16.1,85.35
2022-07-17,BrandX,1314,89.0,0.0,282,0,0,14.9,86.41
2022-07-18,BrandX,1491,89.0,0.0,209,0,0,20.8,90.15
2022-07-19,BrandX,1524,89.0,0.0,410,0,0,15.5,84.59
2022-07-20,BrandX,1483,89.0,0.0,554,0,0,20.2,96.39
2022-07-21,BrandX,1463,89.0,0.0,435,0,0,15.2,84.83
2022-07-22,BrandX,1480,89.0,0.0,462,0,0,17.8,96.05
2022-07-23,BrandX,1438,89.0,0.0,742,0,0,14.3,81.94
2022-07-24,BrandX,1255,89.0,0.0,409,0,0,17.5,91.79
2022-07-25,BrandX,1561,89.0,0.0,508,0,0,15.6,96.24
2022-07-26,BrandX,1638,89.0,0.0,670,0,0,15.5,83.1
2022-07-27,BrandX,1401,89.0,0.0,438,0,0,17.2,97.34
2022-07-28,BrandX,1606,89.0,0.0,573,0,0,14.9,88.16
2022-07-29,BrandX,1567,89.0,0.0,717,0,0,12.8,96.93
2022-07-30,BrandX,1551,89.0,0.0,770,0,0,17.0,92.15
2022-07-31,BrandX,1334,89.0,0.0,288,0,0,13.1,85.47
2022-08-01,BrandX,1589,89.0,0.0,756,0,0,16.2,83.45
2022-08-02,BrandX,1523,89.0,0.0,495,0,0,17.0,85.51
2022-08-03,BrandX,1410,89.0,0.0,355,0,0,14.1,81.76
2022-08-04,BrandX,1564,89.0,0.0,475,0,0,17.1,82.66
2022-08-05,BrandX,1517,89.0,0.0,788,0,0,15.6,81.96
2022-08-06,BrandX,1361,89.0,0.0,496,0,0,13.1,87.63
2022-08-07,BrandX,1385,89.0,0.0,397,0,0,17.1,94.26
2022-08-08,BrandX,1486,89.0,0.0,580,0,0,11.9,82.62
2022-08-09,BrandX,1491,89.0,0.0,344,0,0,13.3,82.42
2022-08-10,BrandX,1495,89.0,0.0,246,0,0,13.5,91.55
2022-08-11,BrandX,1481,89.0,0.0,277,0,0,15.0,83.61
2022-08-12,BrandX,1302,89.0,0.0,277,0,0,15.9,81.84
2022-08-13,BrandX,1318,89.0,0.0,291,0,0,15.6,83.07
2022-08-14,BrandX,1368,89.0,0.0,283,0,0,13.8,96.54
2022-08-15,BrandX,1425,89.0,0.0,585,0,0,12.7,94.72
2022-08-16,BrandX,1463,89.0,0.0,309,0,0,9.5,86.4
2022-08-17,BrandX,1487,89.0,0.0,407,0,0,10.4,91.77
2022-08-18,BrandX,1471,89.0,0.0,738,0,0,16.4,89.66
2022-08-19,BrandX,1515,89.0,0.0,484,0,0,9.1,92.15
2022-08-20,BrandX,1404,89.0,0.0,601,0,0,11.1,92.25
2022-08-21,BrandX,1335,89.0,0.0,303,0,0,14.8,91.29
2022-08-22,BrandX,1350,89.0,0.0,315,0,0,12.8,84.84
2022-08-23,BrandX,1387,89.0,0.0,225,0,0,14.2,80.79
2022-08-24,BrandX,1296,89.0,0.0,301,0,0,13.3,88.21
2022-08-25,BrandX,1279,89.0,0.0,367,0,0,15.0,95.96
2022-08-26,BrandX,1403,89.0,0.0,306,0,0,12.6,90.24
2022-08-27,BrandX,1333,89.0,0.0,253,0,0,13.2,94.92
2022-08-28,BrandX,1285,89.0,0.0,272,0,0,10.3,97.75
2022-08-29,BrandX,1434,89.0,0.0,476,0,0,12.9,83.01
2022-08-30,BrandX,1378,89.0,0.0,324,0,0,10.8,92.41
2022-08-31,BrandX,1359,89.0,0.0,419,0,0,10.6,92.1
2022-09-01,BrandX,1424,89.0,0.0,502,0,0,13.2,97.54
2022-09-02,BrandX,1494,89.0,0.0,614,0,0,13.1,97.64
2022-09-03,BrandX,1213,89.0,0.0,224,0,0,14.6,92.32
2022-09-04,BrandX,1418,89.0,0.0,680,0,0,14.4,84.44
2022-09-05,BrandX,1461,89.0,0.0,577,0,0,12.9,94.31
2022-09-06,BrandX,1367,89.0,0.0,249,0,0,7.6,82.01
2022-09-07,BrandX,1541,89.0,0.0,724,0,0,14.6,94.0
2022-09-08,BrandX,1461,89.0,0.0,753,0,0,12.7,96.3
2022-09-09,BrandX,1375,89.0,0.0,237,0,0,9.3,86.91
2022-09-10,BrandX,1238,89.0,0.0,366,0,0,12.2,91.33
2022-09-11,BrandX,1374,89.0,0.0,684,0,0,8.6,87.76
2022-09-12,BrandX,1411,89.0,0.0,649,0,0,11.8,87.89
2022-09-13,BrandX,1291,89.0,0.0,311,0,0,7.9,85.62
2022-09-14,BrandX,1352,89.0,0.0,326,0,0,8.9,93.67
2022-09-15,BrandX,1260,89.0,0.0,422,0,0,11.9,96.76
2022-09-16,BrandX,1372,89.0,0.0,491,0,0,12.5,96.85
2022-09-17,BrandX,1205,89.0,0.0,571,0,0,11.0,83.21
2022-09-18,BrandX,1300,89.0,0.0,421,0,0,9.7,95.67
2022-09-19,BrandX,1440,89.0,0.0,478,0,0,6.0,93.23
2022-09-20,BrandX,1373,89.0,0.0,648,0,0,9.8,84.6
2022-09-21,BrandX,1320,89.0,0.0,222,0,0,11.3,81.3
2022-09-22,BrandX,1384,89.0,0.0,351,0,0,9.5,84.87
2022-09-23,BrandX,1463,89.0,0.0,628,0,0,10.1,96.34
2022-09-24,BrandX,1342,89.0,0.0,737,0,0,9.7,91.37
2022-09-25,BrandX,1301,89.0,0.0,507,0,0,9.4,92.93
2022-09-26,BrandX,1328,89.0,0.0,519,0,0,10.2,84.68
2022-09-27,BrandX,1292,89.0,0.0,264,0,0,9.5,92.91
2022-09-28,BrandX,1317,89.0,0.0,468,0,0,12.9,80.6
2022-09-29,BrandX,1313,89.0,0.0,520,0,0,5.6,86.78
2022-09-30,BrandX,1304,89.0,0.0,345,0,0,8.9,91.26
2022-10-01,BrandX,1691,71.2,0.2,904,1,1,8.3,66.16
2022-10-02,BrandX,1785,71.2,0.2,1066,1,1,10.4,75.8
2022-10-03,BrandX,1677,71.2,0.2,530,1,1,10.2,67.43
2022-10-04,BrandX,1832,71.2,0.2,983,1,1,13.2,73.37
2022-10-05,BrandX,1780,71.2,0.2,817,1,1,13.9,69.85
2022-10-06,BrandX,1951,71.2,0.2,991,1,1,8.5,72.57
2022-10-07,BrandX,1584,71.2,0.2,680,1,1,10.0,65.61
2022-10-08,BrandX,1242,89.0,0.0,734,0,0,10.4,80.4
2022-10-09,BrandX,1315,89.0,0.0,556,0,0,8.5,96.29
2022-10-10,BrandX,1327,89.0,0.0,607,0,0,11.3,84.9
2022-10-11,BrandX,1418,89.0,0.0,674,0,0,9.6,94.69
2022-10-12,BrandX,1323,89.0,0.0,499,0,0,8.0,97.89
2022-10-13,BrandX,1359,89.0,0.0,252,0,0,9.6,83.86
2022-10-14,BrandX,1243,89.0,0.0,522,0,0,8.2,84.82
2022-10-15,BrandX,1279,89.0,0.0,552,0,0,12.3,91.9
2022-10-16,BrandX,1336,89.0,0.0,647,0,0,14.1,97.28
2022-10-17,BrandX,1221,89.0,0.0,459,0,0,10.8,96.4
2022-10-18,BrandX,1271,89.0,0.0,277,0,0,10.6,89.05
2022-10-19,BrandX,1191,89.0,0.0,370,0,0,10.7,94.25
2022-10-20,BrandX,1262,89.0,0.0,418,0,0,12.8,82.52
2022-10-21,BrandX,1292,89.0,0.0,588,0,0,12.8,97.5
2022-10-22,BrandX,1037,89.0,0.0,542,0,0,10.3,97.27
2022-10-23,BrandX,1165,89.0,0.0,414,0,0,11.1,83.01
2022-10-24,BrandX,1369,89.0,0.0,792,0,0,12.0,85.43
2022-10-25,BrandX,1377,89.0,0.0,563,0,0,8.5,81.88
2022-10-26,BrandX,1256,89.0,0.0,342,0,0,13.3,84.94
2022-10-27,BrandX,1329,89.0,0.0,261,0,0,14.4,94.62
2022-10-28,BrandX,1205,89.0,0.0,292,0,0,13.3,86.83
2022-10-29,BrandX,1096,89.0,0.0,348,0,0,8.6,81.67
2022-10-30,BrandX,1073,89.0,0.0,296,0,0,7.2,86.19
2022-10-31,BrandX,1169,89.0,0.0,312,0,0,12.6,97.57
2022-11-01,BrandX,1078,89.0,0.0,371,0,0,9.8,91.31
2022-11-02,BrandX,1175,89.0,0.0,304,0,0,11.9,87.51
2022-11-03,BrandX,1191,89.0,0.0,738,0,0,14.5,83.06
2022-11-04,BrandX,1193,89.0,0.0,248,0,0,10.2,97.65
2022-11-05,BrandX,1058,89.0,0.0,515,0,0,10.9,94.71
2022-11-06,BrandX,1056,89.0,0.0,446,0,0,12.3,85.11
2022-11-07,BrandX,1280,89.0,0.0,789,0,0,9.2,81.35
2022-11-08,BrandX,1148,89.0,0.0,267,0,0,10.4,81.11
2022-11-09,BrandX,1210,89.0,0.0,439,0,0,12.1,82.24
2022-11-10,BrandX,1375,89.0,0.0,782,0,0,11.5,90.44
2022-11-11,BrandX,2491,71.2,0.2,1798,1,1,13.5,77.31
2022-11-12,BrandX,1196,89.0,0.0,690,0,0,17.9,88.94
2022-11-13,BrandX,1228,89.0,0.0,355,0,0,12.7,95.1
2022-11-14,BrandX,1179,89.0,0.0,303,0,0,10.9,88.04
2022-11-15,BrandX,1233,89.0,0.0,601,0,0,15.5,92.71
2022-11-16,BrandX,1242,89.0,0.0,758,0,0,9.6,93.13
2022-11-17,BrandX,1208,89.0,0.0,534,0,0,10.2,83.2
2022-11-18,BrandX,1166,89.0,0.0,543,0,0,11.9,86.53
2022-11-19,BrandX,1071,89.0,0.0,368,0,0,12.6,91.44
2022-11-20,BrandX,1147,89.0,0.0,662,0,0,12.1,81.36
2022-11-21,BrandX,1014,89.0,0.0,312,0,0,13.4,86.54
2022-11-22,BrandX,1166,89.0,0.0,394,0,0,14.1,89.62
2022-11-23,BrandX,1248,89.0,0.0,455,0,0,15.9,97.83
2022-11-24,BrandX,1172,89.0,0.0,505,0,0,14.0,88.55
2022-11-25,BrandX,1107,89.0,0.0,345,0,0,12.9,94.63
2022-11-26,BrandX,929,89.0,0.0,269,0,0,16.2,87.79
2022-11-27,BrandX,987,89.0,0.0,566,0,0,12.6,94.28
2022-11-28,BrandX,1199,89.0,0.0,373,0,0,11.1,90.7
2022-11-29,BrandX,1189,89.0,0.0,549,0,0,17.0,95.88
2022-11-30,BrandX,1168,89.0,0.0,293,0,0,17.0,87.41
2022-12-01,BrandX,1271,89.0,0.0,489,0,0,13.3,90.86
2022-12-02,BrandX,1242,89.0,0.0,520,0,0,14.2,91.31
2022-12-03,BrandX,956,89.0,0.0,231,0,0,13.3,87.53
2022-12-04,BrandX,1047,89.0,0.0,402,0,0,15.9,82.67
2022-12-05,BrandX,1074,89.0,0.0,281,0,0,18.9,81.77
2022-12-06,BrandX,1054,89.0,0.0,238,0,0,17.0,80.4
2022-12-07,BrandX,1283,89.0,0.0,794,0,0,17.8,95.65
2022-12-08,BrandX,1091,89.0,0.0,393,0,0,17.5,84.31
2022-12-09,BrandX,1095,89.0,0.0,686,0,0,16.1,83.86
2022-12-10,BrandX,963,89.0,0.0,353,0,0,18.4,93.2
2022-12-11,BrandX,1073,89.0,0.0,609,0,0,17.9,85.8
2022-12-12,BrandX,1306,89.0,0.0,656,0,0,19.4,89.11
2022-12-13,BrandX,1155,89.0,0.0,557,0,0,15.8,82.99
2022-12-14,BrandX,1192,89.0,0.0,483,0,0,13.4,97.18
2022-12-15,BrandX,1140,89.0,0.0,447,0,0,19.1,95.26
2022-12-16,BrandX,1211,89.0,0.0,409,0,0,17.9,95.48
2022-12-17,BrandX,1201,89.0,0.0,758,0,0,16.8,87.34
2022-12-18,BrandX,1183,89.0,0.0,698,0,0,17.1,93.67
2022-12-19,BrandX,1142,89.0,0.0,779,0,0,22.8,82.66
2022-12-20,BrandX,1107,89.0,0.0,275,0,0,16.6,80.25
2022-12-21,BrandX,1249,89.0,0.0,639,0,0,16.3,80.46
2022-12-22,BrandX,1263,89.0,0.0,763,0,0,18.4,90.54
2022-12-23,BrandX,1142,89.0,0.0,309,0,0,20.7,88.21
2022-12-24,BrandX,976,89.0,0.0,240,0,0,23.1,89.32
2022-12-25,BrandX,1049,89.0,0.0,645,0,0,20.0,80.23
2022-12-26,BrandX,1072,89.0,0.0,545,0,0,16.3,87.62
2022-12-27,BrandX,1183,89.0,0.0,705,0,0,23.0,92.88
2022-12-28,BrandX,1256,89.0,0.0,284,0,0,19.2,87.98
2022-12-29,BrandX,1184,89.0,0.0,677,0,0,17.7,93.13
2022-12-30,BrandX,989,89.0,0.0,321,0,0,17.4,84.25
2022-12-31,BrandX,1033,89.0,0.0,298,0,0,21.4,94.57
2023-01-01,BrandX,981,109.0,0.0,299,0,0,20.4,110.93
2023-01-02,BrandX,1234,109.0,0.0,689,0,0,20.8,102.69
2023-01-03,BrandX,1158,109.0,0.0,599,0,0,22.8,103.26
2023-01-04,BrandX,1156,109.0,0.0,514,0,0,18.8,111.79
2023-01-05,BrandX,1186,109.0,0.0,415,0,0,23.3,116.19
2023-01-06,BrandX,1125,109.0,0.0,726,0,0,19.7,107.16
2023-01-07,BrandX,916,109.0,0.0,435,0,0,25.3,103.73
2023-01-08,BrandX,984,109.0,0.0,690,0,0,22.3,117.0
2023-01-09,BrandX,1076,109.0,0.0,463,0,0,19.4,112.69
2023-01-10,BrandX,1168,109.0,0.0,426,0,0,17.4,107.87
2023-01-11,BrandX,1130,109.0,0.0,478,0,0,23.2,108.74
2023-01-12,BrandX,1099,109.0,0.0,381,0,0,21.0,102.55
2023-01-13,BrandX,1042,109.0,0.0,649,0,0,21.7,111.76
2023-01-14,BrandX,956,109.0,0.0,502,0,0,23.7,105.92
2023-01-15,BrandX,840,109.0,0.0,339,0,0,24.3,119.81
2023-01-16,BrandX,1251,109.0,0.0,740,0,0,24.9,108.57
2023-01-17,BrandX,1185,109.0,0.0,430,0,0,20.3,108.69
2023-01-18,BrandX,1166,109.0,0.0,526,0,0,25.7,110.44
2023-01-19,BrandX,1127,109.0,0.0,744,0,0,21.8,118.09
2023-01-20,BrandX,2009,87.2,0.2,1436,1,1,18.6,92.45
2023-01-21,BrandX,1568,87.2,0.2,675,1,1,20.9,86.35
2023-01-22,BrandX,1882,87.2,0.2,1910,1,1,23.9,91.01
2023-01-23,BrandX,1868,87.2,0.2,1442,1,1,21.7,88.7
2023-01-24,BrandX,1770,87.2,0.2,1002,1,1,23.6,87.07
2023-01-25,BrandX,1712,87.2,0.2,709,1,1,24.6,81.83
2023-01-26,BrandX,1996,87.2,0.2,1691,1,1,23.7,86.57
2023-01-27,BrandX,1844,87.2,0.2,1430,1,1,23.3,82.77
2023-01-28,BrandX,1854,87.2,0.2,1300,1,1,21.9,94.43
2023-01-29,BrandX,1936,87.2,0.2,1841,1,1,24.6,84.33
2023-01-30,BrandX,1967,87.2,0.2,1683,1,1,20.6,95.09
2023-01-31,BrandX,1792,87.2,0.2,728,1,1,23.5,87.78
2023-02-01,BrandX,1828,87.2,0.2,968,1,1,23.2,89.49
2023-02-02,BrandX,1775,87.2,0.2,873,1,1,24.7,87.95
2023-02-03,BrandX,2174,87.2,0.2,1616,1,1,24.9,80.74
2023-02-04,BrandX,1783,87.2,0.2,550,1,1,27.4,85.03
2023-02-05,BrandX,1886,87.2,0.2,1355,1,1,28.8,80.21
2023-02-06,BrandX,2109,87.2,0.2,1644,1,1,23.5,89.34
2023-02-07,BrandX,2097,87.2,0.2,1815,1,1,29.9,86.27
2023-02-08,BrandX,1928,87.2,0.2,1013,1,1,24.5,92.05
2023-02-09,BrandX,2117,87.2,0.2,1732,1,1,26.5,82.33
2023-02-10,BrandX,1822,87.2,0.2,666,1,1,27.3,81.35
2023-02-11,BrandX,1132,109.0,0.0,708,0,0,31.3,106.96
2023-02-12,BrandX,915,109.0,0.0,276,0,0,25.5,118.3
2023-02-13,BrandX,1120,109.0,0.0,438,0,0,23.1,113.59
2023-02-14,BrandX,1108,109.0,0.0,678,0,0,29.8,107.23
2023-02-15,BrandX,1081,109.0,0.0,290,0,0,25.3,109.38
2023-02-16,BrandX,1113,109.0,0.0,338,0,0,26.3,99.94
2023-02-17,BrandX,1224,109.0,0.0,633,0,0,24.9,119.56
2023-02-18,BrandX,1117,109.0,0.0,632,0,0,26.6,112.63
2023-02-19,BrandX,1145,109.0,0.0,585,0,0,25.7,104.32
2023-02-20,BrandX,1121,109.0,0.0,616,0,0,28.9,110.87
2023-02-21,BrandX,1100,109.0,0.0,526,0,0,27.8,100.49
2023-02-22,BrandX,1171,109.0,0.0,351,0,0,26.4,119.16
2023-02-23,BrandX,1037,109.0,0.0,407,0,0,29.8,101.91
2023-02-24,BrandX,1144,109.0,0.0,309,0,0,28.5,112.23
2023-02-25,BrandX,1086,109.0,0.0,745,0,0,24.4,103.45
2023-02-26,BrandX,1195,109.0,0.0,550,0,0,30.0,113.74
2023-02-27,BrandX,1196,109.0,0.0,441,0,0,28.6,115.03
2023-02-28,BrandX,1182,109.0,0.0,477,0,0,31.1,112.78
2023-03-01,BrandX,1359,109.0,0.0,768,0,0,28.7,111.5
2023-03-02,BrandX,1082,109.0,0.0,292,0,0,27.0,117.56
2023-03-03,BrandX,1175,109.0,0.0,552,0,0,28.2,99.81
2023-03-04,BrandX,1030,109.0,0.0,504,0,0,30.3,105.31
2023-03-05,BrandX,1076,109.0,0.0,567,0,0,27.3,103.51
2023-03-06,BrandX,1138,109.0,0.0,211,0,0,28.0,119.64
2023-03-07,BrandX,1321,109.0,0.0,723,0,0,28.5,106.59
2023-03-08,BrandX,1363,109.0,0.0,759,0,0,26.7,114.07
2023-03-09,BrandX,1133,109.0,0.0,539,0,0,27.6,113.03
2023-03-10,BrandX,1259,109.0,0.0,618,0,0,29.5,102.72
2023-03-11,BrandX,1137,109.0,0.0,753,0,0,31.6,103.31
2023-03-12,BrandX,1156,109.0,0.0,624,0,0,29.9,104.23
2023-03-13,BrandX,1322,109.0,0.0,292,0,0,29.3,107.06
2023-03-14,BrandX,1279,109.0,0.0,546,0,0,27.8,103.21
2023-03-15,BrandX,1325,109.0,0.0,564,0,0,31.7,98.53
2023-03-16,BrandX,1359,109.0,0.0,454,0,0,30.4,117.27
2023-03-17,BrandX,1369,109.0,0.0,642,0,0,28.2,119.15
2023-03-18,BrandX,1203,109.0,0.0,761,0,0,31.4,105.55
2023-03-19,BrandX,1155,109.0,0.0,755,0,0,30.8,105.48
2023-03-20,BrandX,1258,109.0,0.0,471,0,0,28.1,98.25
2023-03-21,BrandX,1169,109.0,0.0,268,0,0,29.6,112.93
2023-03-22,BrandX,1272,109.0,0.0,791,0,0,28.8,116.09
2023-03-23,BrandX,1355,109.0,0.0,703,0,0,35.1,101.3
2023-03-24,BrandX,1232,109.0,0.0,275,0,0,30.9,101.58
2023-03-25,BrandX,1359,109.0,0.0,753,0,0,30.3,115.32
2023-03-26,BrandX,1225,109.0,0.0,722,0,0,30.9,111.54
2023-03-27,BrandX,1314,109.0,0.0,511,0,0,32.7,99.08
2023-03-28,BrandX,1274,109.0,0.0,555,0,0,29.8,111.67
2023-03-29,BrandX,1336,109.0,0.0,439,0,0,28.8,104.83
2023-03-30,BrandX,1217,109.0,0.0,233,0,0,31.7,106.14
2023-03-31,BrandX,1209,109.0,0.0,401,0,0,29.6,114.88
2023-04-01,BrandX,1256,109.0,0.0,682,0,0,27.9,115.78
2023-04-02,BrandX,1140,109.0,0.0,203,0,0,27.5,106.83
2023-04-03,BrandX,1305,109.0,0.0,400,0,0,33.1,118.75
2023-04-04,BrandX,1368,109.0,0.0,439,0,0,30.3,106.96
2023-04-05,BrandX,1247,109.0,0.0,522,0,0,28.8,114.93
2023-04-06,BrandX,1355,109.0,0.0,752,0,0,29.5,108.65
2023-04-07,BrandX,1345,109.0,0.0,408,0,0,31.6,117.67
2023-04-08,BrandX,1157,109.0,0.0,408,0,0,29.4,117.89
2023-04-09,BrandX,1289,109.0,0.0,643,0,0,27.0,100.01
2023-04-10,BrandX,1191,109.0,0.0,471,0,0,30.6,118.52
2023-04-11,BrandX,1462,109.0,0.0,335,0,0,32.3,116.1
2023-04-12,BrandX,1327,109.0,0.0,471,0,0,32.2,115.35
2023-04-13,BrandX,1363,109.0,0.0,285,0,0,28.7,102.48
2023-04-14,BrandX,1281,109.0,0.0,306,0,0,32.4,115.65
2023-04-15,BrandX,1278,109.0,0.0,499,0,0,30.2,116.63
2023-04-16,BrandX,1331,109.0,0.0,451,0,0,32.2,104.4
2023-04-17,BrandX,1515,109.0,0.0,749,0,0,30.9,118.86
2023-04-18,BrandX,1337,109.0,0.0,417,0,0,26.6,99.19
2023-04-19,BrandX,1384,109.0,0.0,548,0,0,33.1,101.37
2023-04-20,BrandX,1465,109.0,0.0,579,0,0,29.7,109.82
2023-04-21,BrandX,1437,109.0,0.0,208,0,0,30.7,110.65
2023-04-22,BrandX,1319,109.0,0.0,598,0,0,26.8,112.16
2023-04-23,BrandX,1341,109.0,0.0,307,0,0,30.4,98.47
2023-04-24,BrandX,1463,109.0,0.0,777,0,0,31.5,119.04
2023-04-25,BrandX,1392,109.0,0.0,289,0,0,33.2,99.07
2023-04-26,BrandX,1452,109.0,0.0,449,0,0,32.0,101.22
2023-04-27,BrandX,1305,109.0,0.0,251,0,0,30.3,98.41
2023-04-28,BrandX,1453,109.0,0.0,798,0,0,26.0,110.46
2023-04-29,BrandX,1370,109.0,0.0,501,0,0,29.3,118.42
2023-04-30,BrandX,1290,109.0,0.0,557,0,0,27.7,112.62
2023-05-01,BrandX,1286,109.0,0.0,240,0,0,29.3,116.03
2023-05-02,BrandX,1425,109.0,0.0,650,0,0,26.3,98.39
2023-05-03,BrandX,1340,109.0,0.0,326,0,0,28.3,109.92
2023-05-04,BrandX,1551,109.0,0.0,739,0,0,27.6,108.12
2023-05-05,BrandX,1408,109.0,0.0,323,0,0,27.4,108.98
2023-05-06,BrandX,1311,109.0,0.0,314,0,0,27.3,99.67
2023-05-07,BrandX,1269,109.0,0.0,222,0,0,28.0,113.02
2023-05-08,BrandX,1399,109.0,0.0,483,0,0,28.8,109.07
2023-05-09,BrandX,1496,109.0,0.0,539,0,0,23.1,114.78
2023-05-10,BrandX,1439,109.0,0.0,239,0,0,23.3,108.68
2023-05-11,BrandX,1534,109.0,0.0,665,0,0,27.2,101.36
2023-05-12,BrandX,1470,109.0,0.0,472,0,0,27.4,112.23
2023-05-13,BrandX,1303,109.0,0.0,515,0,0,28.1,101.86
2023-05-14,BrandX,1350,109.0,0.0,464,0,0,26.1,117.12
2023-05-15,BrandX,1393,109.0,0.0,440,0,0,27.5,111.47
2023-05-16,BrandX,1472,109.0,0.0,536,0,0,27.6,101.53
2023-05-17,BrandX,1305,109.0,0.0,293,0,0,25.8,119.08
2023-05-18,BrandX,1313,109.0,0.0,309,0,0,29.2,109.4
2023-05-19,BrandX,1525,109.0,0.0,717,0,0,27.4,99.69
2023-05-20,BrandX,1411,109.0,0.0,768,0,0,28.0,111.76
2023-05-21,BrandX,1350,109.0,0.0,424,0,0,26.9,103.62
2023-05-22,BrandX,1429,109.0,0.0,362,0,0,30.8,115.62
2023-05-23,BrandX,1509,109.0,0.0,586,0,0,27.7,115.93
2023-05-24,BrandX,1504,109.0,0.0,445,0,0,25.4,119.44
2023-05-25,BrandX,1373,109.0,0.0,215,0,0,27.9,109.04
2023-05-26,BrandX,1413,109.0,0.0,294,0,0,22.8,108.02
2023-05-27,BrandX,1507,109.0,0.0,630,0,0,26.2,114.53
2023-05-28,BrandX,1412,109.0,0.0,595,0,0,26.5,100.99
2023-05-29,BrandX,1399,109.0,0.0,216,0,0,25.9,110.02
2023-05-30,BrandX,1452,109.0,0.0,333,0,0,24.9,110.01
2023-05-31,BrandX,1441,109.0,0.0,339,0,0,23.4,100.05
2023-06-01,BrandX,1490,109.0,0.0,603,0,0,23.7,107.21
2023-06-02,BrandX,1357,109.0,0.0,212,0,0,25.3,116.7
2023-06-03,BrandX,1278,109.0,0.0,262,0,0,22.7,116.76
2023-06-04,BrandX,1503,109.0,0.0,680,0,0,28.3,100.26
2023-06-05,BrandX,1413,109.0,0.0,307,0,0,19.4,100.08
2023-06-06,BrandX,1529,109.0,0.0,592,0,0,23.9,103.83
2023-06-07,BrandX,1507,109.0,0.0,343,0,0,24.6,117.17
2023-06-08,BrandX,1425,109.0,0.0,260,0,0,25.2,100.91
2023-06-09,BrandX,1507,109.0,0.0,346,0,0,22.2,113.8
2023-06-10,BrandX,1355,109.0,0.0,633,0,0,26.1,100.31
2023-06-11,BrandX,1465,109.0,0.0,713,0,0,20.9,111.68
2023-06-12,BrandX,1584,109.0,0.0,698,0,0,22.4,105.86
2023-06-13,BrandX,1505,109.0,0.0,438,0,0,24.6,115.3
2023-06-14,BrandX,1454,109.0,0.0,601,0,0,25.3,103.19
2023-06-15,BrandX,2164,87.2,0.2,807,1,1,20.3,89.63
2023-06-16,BrandX,2082,87.2,0.2,940,1,1,28.2,82.59
2023-06-17,BrandX,2316,87.2,0.2,1845,1,1,20.9,90.93
2023-06-18,BrandX,1900,87.2,0.2,520,1,1,19.9,93.72
2023-06-19,BrandX,2103,87.2,0.2,628,1,1,23.4,80.69
2023-06-20,BrandX,2230,87.2,0.2,812,1,1,21.5,93.59
2023-06-21,BrandX,1368,109.0,0.0,216,0,0,21.1,111.04
2023-06-22,BrandX,1435,109.0,0.0,309,0,0,23.1,100.87
2023-06-23,BrandX,1559,109.0,0.0,550,0,0,18.7,107.42
2023-06-24,BrandX,1343,109.0,0.0,453,0,0,18.2,101.61
2023-06-25,BrandX,1542,109.0,0.0,736,0,0,20.2,113.37
2023-06-26,BrandX,1642,109.0,0.0,690,0,0,23.4,114.64
2023-06-27,BrandX,1540,109.0,0.0,405,0,0,19.9,100.41
2023-06-28,BrandX,1507,109.0,0.0,356,0,0,24.1,109.13
2023-06-29,BrandX,1597,109.0,0.0,428,0,0,23.1,115.86
2023-06-30,BrandX,1484,109.0,0.0,554,0,0,21.1,118.51
2023-07-01,BrandX,1389,109.0,0.0,361,0,0,21.0,109.29
2023-07-02,BrandX,1405,109.0,0.0,574,0,0,20.8,118.82
2023-07-03,BrandX,1575,109.0,0.0,446,0,0,20.3,109.78
2023-07-04,BrandX,1437,109.0,0.0,531,0,0,19.1,106.69
2023-07-05,BrandX,1525,109.0,0.0,462,0,0,19.2,116.59
2023-07-06,BrandX,1521,109.0,0.0,377,0,0,17.4,108.85
2023-07-07,BrandX,1562,109.0,0.0,769,0,0,14.9,108.39
2023-07-08,BrandX,1438,109.0,0.0,658,0,0,21.4,108.79
2023-07-09,BrandX,1364,109.0,0.0,284,0,0,19.3,116.56
2023-07-10,BrandX,1661,109.0,0.0,721,0,0,18.8,116.24
2023-07-11,BrandX,1473,109.0,0.0,492,0,0,19.4,106.9
2023-07-12,BrandX,1557,109.0,0.0,737,0,0,16.8,105.37
2023-07-13,BrandX,1658,109.0,0.0,680,0,0,16.3,108.82
2023-07-14,BrandX,1507,109.0,0.0,455,0,0,17.6,110.59
2023-07-15,BrandX,1293,109.0,0.0,213,0,0,20.7,103.3
2023-07-16,BrandX,1427,109.0,0.0,361,0,0,15.5,115.41
2023-07-17,BrandX,1513,109.0,0.0,525,0,0,12.4,108.71
2023-07-18,BrandX,1620,109.0,0.0,580,0,0,16.4,105.38
2023-07-19,BrandX,1450,109.0,0.0,355,0,0,19.6,100.43
2023-07-20,BrandX,1458,109.0,0.0,284,0,0,13.7,103.31
2023-07-21,BrandX,1649,109.0,0.0,701,0,0,14.6,118.79
2023-07-22,BrandX,1495,109.0,0.0,791,0,0,17.3,104.75
2023-07-23,BrandX,1470,109.0,0.0,515,0,0,21.8,101.78
2023-07-24,BrandX,1466,109.0,0.0,303,0,0,13.8,108.14
2023-07-25,BrandX,1606,109.0,0.0,363,0,0,13.5,104.79
2023-07-26,BrandX,1534,109.0,0.0,211,0,0,16.8,98.87
2023-07-27,BrandX,1521,109.0,0.0,749,0,0,18.4,105.14
2023-07-28,BrandX,1487,109.0,0.0,271,0,0,14.6,109.96
2023-07-29,BrandX,1378,109.0,0.0,546,0,0,12.5,110.13
2023-07-30,BrandX,1383,109.0,0.0,364,0,0,16.4,105.87
2023-07-31,BrandX,1535,109.0,0.0,533,0,0,16.6,107.85
2023-08-01,BrandX,1483,109.0,0.0,591,0,0,18.8,119.15
2023-08-02,BrandX,1641,109.0,0.0,698,0,0,16.4,106.33
2023-08-03,BrandX,1476,109.0,0.0,324,0,0,16.6,103.73
2023-08-04,BrandX,1410,109.0,0.0,207,0,0,14.3,103.41
2023-08-05,BrandX,1312,109.0,0.0,282,0,0,19.5,108.08
2023-08-06,BrandX,1482,109.0,0.0,740,0,0,13.7,114.66
2023-08-07,BrandX,1602,109.0,0.0,724,0,0,13.1,102.59
2023-08-08,BrandX,1518,109.0,0.0,558,0,0,17.8,113.56
2023-08-09,BrandX,1354,109.0,0.0,560,0,0,11.1,98.56
2023-08-10,BrandX,1535,109.0,0.0,599,0,0,10.2,107.23
2023-08-11,BrandX,1358,109.0,0.0,305,0,0,14.0,115.01
2023-08-12,BrandX,1453,109.0,0.0,749,0,0,13.7,105.48
2023-08-13,BrandX,1290,109.0,0.0,451,0,0,13.1,110.39
2023-08-14,BrandX,1391,109.0,0.0,430,0,0,15.4,102.57
2023-08-15,BrandX,1572,109.0,0.0,511,0,0,11.5,114.28
2023-08-16,BrandX,1392,109.0,0.0,228,0,0,13.3,99.24
2023-08-17,BrandX,1406,109.0,0.0,300,0,0,12.3,116.69
2023-08-18,BrandX,1560,109.0,0.0,643,0,0,11.1,102.42
2023-08-19,BrandX,1278,109.0,0.0,250,0,0,12.7,117.16
2023-08-20,BrandX,1518,109.0,0.0,562,0,0,14.4,105.79
2023-08-21,BrandX,1419,109.0,0.0,347,0,0,16.8,113.85
2023-08-22,BrandX,1481,109.0,0.0,434,0,0,13.6,105.06
2023-08-23,BrandX,1496,109.0,0.0,373,0,0,7.3,117.85
2023-08-24,BrandX,1544,109.0,0.0,413,0,0,12.1,100.86
2023-08-25,BrandX,1466,109.0,0.0,631,0,0,12.2,101.99
2023-08-26,BrandX,1297,109.0,0.0,378,0,0,13.9,108.85
2023-08-27,BrandX,1445,109.0,0.0,540,0,0,12.3,99.89
2023-08-28,BrandX,1508,109.0,0.0,486,0,0,14.3,102.37
2023-08-29,BrandX,1555,109.0,0.0,598,0,0,12.5,118.67
2023-08-30,BrandX,1455,109.0,0.0,762,0,0,14.7,119.39
2023-08-31,BrandX,1590,109.0,0.0,640,0,0,10.6,106.3
2023-09-01,BrandX,1356,109.0,0.0,329,0,0,11.7,118.23
2023-09-02,BrandX,1267,109.0,0.0,219,0,0,13.0,109.98
2023-09-03,BrandX,1286,109.0,0.0,357,0,0,10.1,103.98
2023-09-04,BrandX,1409,109.0,0.0,557,0,0,9.6,113.41
2023-09-05,BrandX,1276,109.0,0.0,231,0,0,9.8,112.46
2023-09-06,BrandX,1334,109.0,0.0,498,0,0,9.5,119.66
2023-09-07,BrandX,1460,109.0,0.0,558,0,0,12.0,103.88
2023-09-08,BrandX,1312,109.0,0.0,401,0,0,7.2,112.75
2023-09-09,BrandX,1301,109.0,0.0,663,0,0,7.7,99.23
2023-09-10,BrandX,1233,109.0,0.0,264,0,0,14.5,100.58
2023-09-11,BrandX,1189,109.0,0.0,245,0,0,9.2,98.19
2023-09-12,BrandX,1509,109.0,0.0,637,0,0,11.0,119.89
2023-09-13,BrandX,1273,109.0,0.0,497,0,0,7.6,115.59
2023-09-14,BrandX,1444,109.0,0.0,613,0,0,10.7,115.25
2023-09-15,BrandX,1401,109.0,0.0,461,0,0,9.0,109.21
2023-09-16,BrandX,1285,109.0,0.0,348,0,0,7.3,104.64
2023-09-17,BrandX,1351,109.0,0.0,691,0,0,13.0,101.4
2023-09-18,BrandX,1578,109.0,0.0,680,0,0,12.7,104.31
2023-09-19,BrandX,1447,109.0,0.0,617,0,0,10.1,106.3
2023-09-20,BrandX,1419,109.0,0.0,363,0,0,12.2,114.59
2023-09-21,BrandX,1366,109.0,0.0,554,0,0,14.0,109.86
2023-09-22,BrandX,1372,109.0,0.0,417,0,0,11.7,99.79
2023-09-23,BrandX,1296,109.0,0.0,255,0,0,11.1,98.49
2023-09-24,BrandX,1334,109.0,0.0,750,0,0,10.5,100.33
2023-09-25,BrandX,1327,109.0,0.0,282,0,0,11.4,107.05
2023-09-26,BrandX,1517,109.0,0.0,770,0,0,9.3,118.44
2023-09-27,BrandX,1320,109.0,0.0,468,0,0,9.5,112.0
2023-09-28,BrandX,1184,109.0,0.0,311,0,0,10.9,115.58
2023-09-29,BrandX,1390,109.0,0.0,525,0,0,9.1,108.27
2023-09-30,BrandX,1381,109.0,0.0,724,0,0,9.3,105.98
2023-10-01,BrandX,1825,87.2,0.2,1598,1,1,10.0,80.37
2023-10-02,BrandX,2086,87.2,0.2,1710,1,1,12.3,93.76
2023-10-03,BrandX,2017,87.2,0.2,1488,1,1,7.7,92.14
2023-10-04,BrandX,1852,87.2,0.2,1538,1,1,11.5,81.41
2023-10-05,BrandX,1999,87.2,0.2,1774,1,1,11.6,87.41
2023-10-06,BrandX,1759,87.2,0.2,875,1,1,11.6,86.98
2023-10-07,BrandX,1767,87.2,0.2,1234,1,1,8.4,89.38
2023-10-08,BrandX,1134,109.0,0.0,333,0,0,6.7,118.73
2023-10-09,BrandX,1375,109.0,0.0,793,0,0,11.2,110.74
2023-10-10,BrandX,1512,109.0,0.0,766,0,0,10.5,109.88
2023-10-11,BrandX,1239,109.0,0.0,224,0,0,12.1,99.2
2023-10-12,BrandX,1321,109.0,0.0,623,0,0,8.7,99.47
2023-10-13,BrandX,1396,109.0,0.0,755,0,0,11.7,102.18
2023-10-14,BrandX,1184,109.0,0.0,308,0,0,12.3,98.81
2023-10-15,BrandX,1221,109.0,0.0,541,0,0,10.0,114.31
2023-10-16,BrandX,1375,109.0,0.0,749,0,0,11.1,113.87
2023-10-17,BrandX,1187,109.0,0.0,220,0,0,11.1,101.07
2023-10-18,BrandX,1302,109.0,0.0,618,0,0,8.7,116.33
2023-10-19,BrandX,1231,109.0,0.0,378,0,0,11.5,101.47
2023-10-20,BrandX,1397,109.0,0.0,755,0,0,13.7,104.67
2023-10-21,BrandX,1213,109.0,0.0,783,0,0,10.5,103.53
2023-10-22,BrandX,1288,109.0,0.0,767,0,0,7.6,106.22
2023-10-23,BrandX,1371,109.0,0.0,485,0,0,9.2,103.65
2023-10-24,BrandX,1373,109.0,0.0,717,0,0,7.1,108.76
2023-10-25,BrandX,1325,109.0,0.0,707,0,0,13.3,106.98
2023-10-26,BrandX,1172,109.0,0.0,391,0,0,12.3,119.61
2023-10-27,BrandX,1433,109.0,0.0,697,0,0,9.9,99.32
2023-10-28,BrandX,1013,109.0,0.0,222,0,0,8.1,101.2
2023-10-29,BrandX,1232,109.0,0.0,558,0,0,9.4,99.25
2023-10-30,BrandX,1260,109.0,0.0,338,0,0,9.8,111.74
2023-10-31,BrandX,1185,109.0,0.0,272,0,0,11.4,99.29
2023-11-01,BrandX,1173,109.0,0.0,246,0,0,11.4,116.33
2023-11-02,BrandX,1187,109.0,0.0,618,0,0,14.0,109.26
2023-11-03,BrandX,1251,109.0,0.0,404,0,0,10.1,109.59
2023-11-04,BrandX,1224,109.0,0.0,635,0,0,8.5,110.34
2023-11-05,BrandX,1001,109.0,0.0,239,0,0,9.3,101.82
2023-11-06,BrandX,1209,109.0,0.0,389,0,0,11.7,102.41
2023-11-07,BrandX,1258,109.0,0.0,524,0,0,10.4,105.05
2023-11-08,BrandX,1334,109.0,0.0,674,0,0,11.3,111.04
2023-11-09,BrandX,1211,109.0,0.0,391,0,0,11.1,102.68
2023-11-10,BrandX,1166,109.0,0.0,576,0,0,14.1,100.64
2023-11-11,BrandX,2421,87.2,0.2,1829,1,1,11.1,95.4
2023-11-12,BrandX,1161,109.0,0.0,570,0,0,11.6,98.58
2023-11-13,BrandX,1236,109.0,0.0,340,0,0,13.9,115.6
2023-11-14,BrandX,1109,109.0,0.0,215,0,0,11.4,115.28
2023-11-15,BrandX,1427,109.0,0.0,722,0,0,13.5,104.58
2023-11-16,BrandX,1027,109.0,0.0,213,0,0,13.5,101.06
2023-11-17,BrandX,1258,109.0,0.0,725,0,0,13.2,101.27
2023-11-18,BrandX,1113,109.0,0.0,517,0,0,10.8,113.3
2023-11-19,BrandX,1177,109.0,0.0,763,0,0,15.6,112.11
2023-11-20,BrandX,1198,109.0,0.0,679,0,0,17.7,115.16
2023-11-21,BrandX,1332,109.0,0.0,799,0,0,13.4,118.54
2023-11-22,BrandX,1209,109.0,0.0,410,0,0,11.5,113.18
2023-11-23,BrandX,1263,109.0,0.0,660,0,0,13.7,101.5
2023-11-24,BrandX,1212,109.0,0.0,441,0,0,15.8,103.41
2023-11-25,BrandX,1069,109.0,0.0,488,0,0,12.7,116.46
2023-11-26,BrandX,1022,109.0,0.0,577,0,0,13.8,102.66
2023-11-27,BrandX,1229,109.0,0.0,724,0,0,14.9,99.68
2023-11-28,BrandX,1299,109.0,0.0,790,0,0,16.8,113.43
2023-11-29,BrandX,1259,109.0,0.0,661,0,0,16.1,106.88
2023-11-30,BrandX,1187,109.0,0.0,451,0,0,16.3,118.16
2023-12-01,BrandX,1216,109.0,0.0,453,0,0,14.0,112.28
2023-12-02,BrandX,1094,109.0,0.0,643,0,0,15.8,100.07
2023-12-03,BrandX,1039,109.0,0.0,343,0,0,13.7,118.76
2023-12-04,BrandX,1157,109.0,0.0,266,0,0,16.9,103.74
2023-12-05,BrandX,1161,109.0,0.0,413,0,0,17.7,105.45
2023-12-06,BrandX,1078,109.0,0.0,372,0,0,16.7,106.87
2023-12-07,BrandX,1095,109.0,0.0,378,0,0,15.0,99.22
2023-12-08,BrandX,1190,109.0,0.0,340,0,0,15.5,108.92
2023-12-09,BrandX,1078,109.0,0.0,225,0,0,19.6,100.79
2023-12-10,BrandX,1059,109.0,0.0,211,0,0,15.5,106.84
2023-12-11,BrandX,1286,109.0,0.0,793,0,0,18.4,105.75
2023-12-12,BrandX,1098,109.0,0.0,457,0,0,17.2,114.95
2023-12-13,BrandX,1161,109.0,0.0,431,0,0,16.0,115.61
2023-12-14,BrandX,1308,109.0,0.0,608,0,0,14.1,101.44
2023-12-15,BrandX,1167,109.0,0.0,331,0,0,17.4,106.09
2023-12-16,BrandX,1139,109.0,0.0,770,0,0,17.3,106.24
2023-12-17,BrandX,1158,109.0,0.0,672,0,0,20.9,101.4
2023-12-18,BrandX,1028,109.0,0.0,254,0,0,15.8,115.51
2023-12-19,BrandX,1121,109.0,0.0,451,0,0,22.2,113.52
2023-12-20,BrandX,1181,109.0,0.0,727,0,0,18.6,102.25
2023-12-21,BrandX,1285,109.0,0.0,767,0,0,18.7,106.09
2023-12-22,BrandX,1213,109.0,0.0,480,0,0,17.0,100.41
2023-12-23,BrandX,1077,109.0,0.0,568,0,0,19.0,111.79
2023-12-24,BrandX,953,109.0,0.0,300,0,0,19.4,100.75
2023-12-25,BrandX,1263,109.0,0.0,795,0,0,20.5,119.59
2023-12-26,BrandX,1098,109.0,0.0,339,0,0,16.9,115.12
2023-12-27,BrandX,1207,109.0,0.0,766,0,0,21.8,106.61
2023-12-28,BrandX,1222,109.0,0.0,590,0,0,19.9,110.71
2023-12-29,BrandX,1149,109.0,0.0,565,0,0,20.6,117.97
2023-12-30,BrandX,973,109.0,0.0,508,0,0,19.1,110.18
2023-12-31,BrandX,936,109.0,0.0,338,0,0,17.8,101.9
2024-01-01,BrandX,1021,109.0,0.0,306,0,0,20.0,106.36
2024-01-02,BrandX,1140,109.0,0.0,332,0,0,20.4,116.48
2024-01-03,BrandX,1128,109.0,0.0,312,0,0,17.4,112.14
2024-01-04,BrandX,1232,109.0,0.0,668,0,0,22.0,112.29
2024-01-05,BrandX,1184,109.0,0.0,410,0,0,22.6,117.0
2024-01-06,BrandX,1058,109.0,0.0,235,0,0,19.3,117.59
2024-01-07,BrandX,1116,109.0,0.0,781,0,0,18.9,118.15
2024-01-08,BrandX,1271,109.0,0.0,730,0,0,20.5,100.17
2024-01-09,BrandX,1160,109.0,0.0,757,0,0,21.3,109.96
2024-01-10,BrandX,1351,109.0,0.0,797,0,0,20.9,114.24
2024-01-11,BrandX,1046,109.0,0.0,304,0,0,21.5,114.6
2024-01-12,BrandX,1119,109.0,0.0,438,0,0,22.2,111.33
2024-01-13,BrandX,1082,109.0,0.0,655,0,0,19.2,101.74
2024-01-14,BrandX,1016,109.0,0.0,618,0,0,19.6,115.48
2024-01-15,BrandX,1123,109.0,0.0,292,0,0,16.8,113.8
2024-01-16,BrandX,1254,109.0,0.0,689,0,0,24.3,99.98
2024-01-17,BrandX,1124,109.0,0.0,335,0,0,22.6,108.21
2024-01-18,BrandX,1044,109.0,0.0,334,0,0,24.9,101.89
2024-01-19,BrandX,1313,109.0,0.0,522,0,0,20.6,105.46
2024-01-20,BrandX,1904,87.2,0.2,1389,1,1,23.1,78.8
2024-01-21,BrandX,2024,87.2,0.2,1370,1,1,23.7,85.46
2024-01-22,BrandX,1710,87.2,0.2,637,1,1,22.3,88.07
2024-01-23,BrandX,2170,87.2,0.2,1816,1,1,20.5,89.29
2024-01-24,BrandX,1886,87.2,0.2,898,1,1,27.2,90.05
2024-01-25,BrandX,1762,87.2,0.2,694,1,1,26.7,93.06
2024-01-26,BrandX,2207,87.2,0.2,1833,1,1,23.3,82.24
2024-01-27,BrandX,2020,87.2,0.2,1933,1,1,25.2,80.58
2024-01-28,BrandX,1982,87.2,0.2,1793,1,1,23.4,93.33
2024-01-29,BrandX,1884,87.2,0.2,1714,1,1,22.5,81.21
2024-01-30,BrandX,2049,87.2,0.2,1483,1,1,28.3,95.48
2024-01-31,BrandX,1900,87.2,0.2,1326,1,1,21.5,93.17
2024-02-01,BrandX,1839,87.2,0.2,630,1,1,24.4,87.22
2024-02-02,BrandX,1957,87.2,0.2,1113,1,1,25.3,95.6
2024-02-03,BrandX,1873,87.2,0.2,1059,1,1,28.6,80.18
2024-02-04,BrandX,1873,87.2,0.2,890,1,1,27.2,83.77
2024-02-05,BrandX,2168,87.2,0.2,1585,1,1,22.2,89.61
2024-02-06,BrandX,2109,87.2,0.2,1244,1,1,25.7,84.58
2024-02-07,BrandX,1958,87.2,0.2,622,1,1,25.9,94.67
2024-02-08,BrandX,1925,87.2,0.2,830,1,1,25.5,79.62
2024-02-09,BrandX,2129,87.2,0.2,1525,1,1,27.4,88.06
2024-02-10,BrandX,1834,87.2,0.2,614,1,1,23.4,88.78
2024-02-11,BrandX,1245,109.0,0.0,711,0,0,25.6,112.33
2024-02-12,BrandX,1275,109.0,0.0,497,0,0,27.5,103.67
2024-02-13,BrandX,1174,109.0,0.0,488,0,0,28.0,106.05
2024-02-14,BrandX,1279,109.0,0.0,555,0,0,27.1,116.49
2024-02-15,BrandX,1304,109.0,0.0,695,0,0,26.3,102.35
2024-02-16,BrandX,1278,109.0,0.0,409,0,0,26.8,116.13
2024-02-17,BrandX,1132,109.0,0.0,607,0,0,28.6,110.37
2024-02-18,BrandX,1049,109.0,0.0,539,0,0,27.3,114.72
2024-02-19,BrandX,1250,109.0,0.0,360,0,0,25.3,113.66
2024-02-20,BrandX,1168,109.0,0.0,727,0,0,25.0,102.62
2024-02-21,BrandX,1265,109.0,0.0,678,0,0,24.6,110.5
2024-02-22,BrandX,1226,109.0,0.0,595,0,0,30.6,117.02
2024-02-23,BrandX,1263,109.0,0.0,710,0,0,29.4,107.52
2024-02-24,BrandX,1175,109.0,0.0,720,0,0,27.7,119.17
2024-02-25,BrandX,1268,109.0,0.0,625,0,0,27.1,107.96
2024-02-26,BrandX,1380,109.0,0.0,702,0,0,27.0,101.21
2024-02-27,BrandX,1294,109.0,0.0,618,0,0,30.4,106.59
2024-02-28,BrandX,1377,109.0,0.0,608,0,0,32.1,118.85
2024-02-29,BrandX,1237,109.0,0.0,571,0,0,27.2,105.07
2024-03-01,BrandX,1256,109.0,0.0,652,0,0,30.8,117.02
2024-03-02,BrandX,1166,109.0,0.0,295,0,0,28.7,117.31
2024-03-03,BrandX,1282,109.0,0.0,729,0,0,28.3,105.73
2024-03-04,BrandX,1331,109.0,0.0,723,0,0,31.8,99.92
2024-03-05,BrandX,1142,109.0,0.0,218,0,0,28.8,113.9
2024-03-06,BrandX,1445,109.0,0.0,695,0,0,29.5,104.89
2024-03-07,BrandX,1132,109.0,0.0,277,0,0,29.5,115.17
2024-03-08,BrandX,1240,109.0,0.0,401,0,0,25.8,107.75
2024-03-09,BrandX,1256,109.0,0.0,646,0,0,29.7,108.68
2024-03-10,BrandX,1249,109.0,0.0,296,0,0,28.1,115.06
2024-03-11,BrandX,1396,109.0,0.0,691,0,0,26.4,106.44
2024-03-12,BrandX,1407,109.0,0.0,699,0,0,28.3,107.76
2024-03-13,BrandX,1289,109.0,0.0,504,0,0,28.4,106.3
2024-03-14,BrandX,1271,109.0,0.0,204,0,0,31.5,106.11
2024-03-15,BrandX,1297,109.0,0.0,372,0,0,27.4,109.57
2024-03-16,BrandX,1148,109.0,0.0,570,0,0,28.0,115.73
2024-03-17,BrandX,1360,109.0,0.0,789,0,0,30.1,105.99
2024-03-18,BrandX,1422,109.0,0.0,579,0,0,27.0,109.53
2024-03-19,BrandX,1348,109.0,0.0,356,0,0,28.4,112.72
2024-03-20,BrandX,1373,109.0,0.0,580,0,0,26.4,103.97
2024-03-21,BrandX,1300,109.0,0.0,524,0,0,31.6,104.15
2024-03-22,BrandX,1266,109.0,0.0,668,0,0,29.2,118.45
2024-03-23,BrandX,1186,109.0,0.0,264,0,0,29.8,113.87
2024-03-24,BrandX,1363,109.0,0.0,657,0,0,31.7,110.68
2024-03-25,BrandX,1432,109.0,0.0,525,0,0,28.5,112.22
2024-03-26,BrandX,1501,109.0,0.0,778,0,0,29.3,98.74
2024-03-27,BrandX,1339,109.0,0.0,405,0,0,27.8,111.57
2024-03-28,BrandX,1465,109.0,0.0,580,0,0,27.8,109.21
2024-03-29,BrandX,1512,109.0,0.0,759,0,0,28.1,110.0
2024-03-30,BrandX,1176,109.0,0.0,262,0,0,29.0,105.94
2024-03-31,BrandX,1396,109.0,0.0,762,0,0,29.2,99.88
2024-04-01,BrandX,1392,109.0,0.0,613,0,0,30.6,102.31
2024-04-02,BrandX,1348,109.0,0.0,241,0,0,28.2,118.83
2024-04-03,BrandX,1284,109.0,0.0,381,0,0,30.6,107.01
2024-04-04,BrandX,1365,109.0,0.0,625,0,0,31.0,108.27
2024-04-05,BrandX,1390,109.0,0.0,240,0,0,29.1,99.25
2024-04-06,BrandX,1369,109.0,0.0,549,0,0,28.4,98.92
2024-04-07,BrandX,1312,109.0,0.0,408,0,0,30.1,113.73
2024-04-08,BrandX,1443,109.0,0.0,573,0,0,29.5,109.83
2024-04-09,BrandX,1194,109.0,0.0,227,0,0,30.4,109.19
2024-04-10,BrandX,1485,109.0,0.0,723,0,0,33.0,103.4
2024-04-11,BrandX,1539,109.0,0.0,784,0,0,30.0,114.34
2024-04-12,BrandX,1482,109.0,0.0,781,0,0,28.6,101.77
2024-04-13,BrandX,1326,109.0,0.0,650,0,0,28.0,102.24
2024-04-14,BrandX,1347,109.0,0.0,278,0,0,28.1,108.14
2024-04-15,BrandX,1484,109.0,0.0,655,0,0,26.8,104.34
2024-04-16,BrandX,1386,109.0,0.0,215,0,0,31.6,103.49
2024-04-17,BrandX,1408,109.0,0.0,213,0,0,25.2,112.17
2024-04-18,BrandX,1360,109.0,0.0,394,0,0,30.6,112.29
2024-04-19,BrandX,1464,109.0,0.0,493,0,0,27.8,116.07
2024-04-20,BrandX,1476,109.0,0.0,662,0,0,28.5,107.21
2024-04-21,BrandX,1494,109.0,0.0,610,0,0,27.7,99.69
2024-04-22,BrandX,1458,109.0,0.0,468,0,0,32.3,104.07
2024-04-23,BrandX,1414,109.0,0.0,364,0,0,29.4,119.46
2024-04-24,BrandX,1578,109.0,0.0,798,0,0,30.9,111.1
2024-04-25,BrandX,1477,109.0,0.0,456,0,0,31.8,113.57
2024-04-26,BrandX,1553,109.0,0.0,471,0,0,29.5,98.26
2024-04-27,BrandX,1252,109.0,0.0,298,0,0,26.7,109.4
2024-04-28,BrandX,1412,109.0,0.0,677,0,0,28.6,98.92
2024-04-29,BrandX,1457,109.0,0.0,616,0,0,27.5,110.51
2024-04-30,BrandX,1381,109.0,0.0,332,0,0,27.9,118.17
2024-05-01,BrandX,1443,109.0,0.0,249,0,0,28.6,119.21
2024-05-02,BrandX,1580,109.0,0.0,608,0,0,28.4,109.88
2024-05-03,BrandX,1491,109.0,0.0,593,0,0,29.4,108.09
2024-05-04,BrandX,1400,109.0,0.0,364,0,0,29.6,118.7
2024-05-05,BrandX,1546,109.0,0.0,771,0,0,28.2,112.78
2024-05-06,BrandX,1564,109.0,0.0,291,0,0,29.2,99.51
2024-05-07,BrandX,1506,109.0,0.0,459,0,0,27.1,108.25
2024-05-08,BrandX,1559,109.0,0.0,766,0,0,30.8,103.34
2024-05-09,BrandX,1446,109.0,0.0,452,0,0,26.9,108.34
2024-05-10,BrandX,1482,109.0,0.0,583,0,0,30.3,108.03
2024-05-11,BrandX,1473,109.0,0.0,439,0,0,24.9,110.79
2024-05-12,BrandX,1287,109.0,0.0,365,0,0,27.0,105.88
2024-05-13,BrandX,1692,109.0,0.0,790,0,0,27.0,101.68
2024-05-14,BrandX,1466,109.0,0.0,446,0,0,28.1,109.08
2024-05-15,BrandX,1567,109.0,0.0,736,0,0,29.1,116.2
2024-05-16,BrandX,1482,109.0,0.0,338,0,0,24.8,112.58
2024-05-17,BrandX,1449,109.0,0.0,328,0,0,24.9,105.48
2024-05-18,BrandX,1407,109.0,0.0,219,0,0,24.2,118.49
2024-05-19,BrandX,1574,109.0,0.0,591,0,0,29.6,117.99
2024-05-20,BrandX,1488,109.0,0.0,421,0,0,27.4,102.66
2024-05-21,BrandX,1593,109.0,0.0,719,0,0,24.5,98.96
2024-05-22,BrandX,1541,109.0,0.0,484,0,0,25.6,114.26
2024-05-23,BrandX,1675,109.0,0.0,781,0,0,28.8,116.14
2024-05-24,BrandX,1495,109.0,0.0,311,0,0,25.7,119.2
2024-05-25,BrandX,1602,109.0,0.0,721,0,0,25.5,117.5
2024-05-26,BrandX,1574,109.0,0.0,666,0,0,24.4,111.19
2024-05-27,BrandX,1545,109.0,0.0,663,0,0,23.8,109.66
2024-05-28,BrandX,1663,109.0,0.0,707,0,0,28.1,98.71
2024-05-29,BrandX,1710,109.0,0.0,657,0,0,28.9,103.48
2024-05-30,BrandX,1567,109.0,0.0,576,0,0,23.5,108.12
2024-05-31,BrandX,1492,109.0,0.0,279,0,0,28.1,111.8
2024-06-01,BrandX,1352,109.0,0.0,220,0,0,24.2,110.25
2024-06-02,BrandX,1515,109.0,0.0,753,0,0,26.1,114.29
2024-06-03,BrandX,1503,109.0,0.0,570,0,0,27.7,104.2
2024-06-04,BrandX,1557,109.0,0.0,678,0,0,24.4,110.42
2024-06-05,BrandX,1587,109.0,0.0,489,0,0,23.9,100.02
2024-06-06,BrandX,1609,109.0,0.0,270,0,0,26.0,107.12
2024-06-07,BrandX,1484,109.0,0.0,275,0,0,22.0,114.45
2024-06-08,BrandX,1475,109.0,0.0,611,0,0,26.4,113.22
2024-06-09,BrandX,1571,109.0,0.0,458,0,0,24.2,119.7
2024-06-10,BrandX,1473,109.0,0.0,320,0,0,22.6,104.16
2024-06-11,BrandX,1494,109.0,0.0,495,0,0,22.4,108.96
2024-06-12,BrandX,1468,109.0,0.0,239,0,0,20.7,105.28
2024-06-13,BrandX,1573,109.0,0.0,549,0,0,22.2,107.71
2024-06-14,BrandX,1453,109.0,0.0,361,0,0,22.6,116.78
2024-06-15,BrandX,2317,87.2,0.2,1696,1,1,20.8,90.41
2024-06-16,BrandX,2163,87.2,0.2,966,1,1,22.7,93.87
2024-06-17,BrandX,2206,87.2,0.2,1183,1,1,23.6,82.03
2024-06-18,BrandX,2090,87.2,0.2,517,1,1,22.0,93.71
2024-06-19,BrandX,2136,87.2,0.2,609,1,1,23.6,79.52
2024-06-20,BrandX,2253,87.2,0.2,1089,1,1,20.5,93.98
2024-06-21,BrandX,1614,109.0,0.0,488,0,0,24.0,105.27
2024-06-22,BrandX,1527,109.0,0.0,560,0,0,22.0,104.96
2024-06-23,BrandX,1412,109.0,0.0,375,0,0,24.7,109.26
2024-06-24,BrandX,1734,109.0,0.0,617,0,0,26.3,118.61
2024-06-25,BrandX,1749,109.0,0.0,716,0,0,20.3,99.14
2024-06-26,BrandX,1732,109.0,0.0,668,0,0,20.2,105.78
2024-06-27,BrandX,1589,109.0,0.0,224,0,0,20.4,116.77
2024-06-28,BrandX,1513,109.0,0.0,488,0,0,21.9,106.73
2024-06-29,BrandX,1486,109.0,0.0,263,0,0,23.2,102.44
2024-06-30,BrandX,1495,109.0,0.0,345,0,0,19.1,107.36
2024-07-01,BrandX,1608,109.0,0.0,792,0,0,21.0,106.51
2024-07-02,BrandX,1535,109.0,0.0,285,0,0,19.8,118.06
2024-07-03,BrandX,1629,109.0,0.0,499,0,0,21.1,114.71
2024-07-04,BrandX,1734,109.0,0.0,571,0,0,22.7,109.11
2024-07-05,BrandX,1693,109.0,0.0,621,0,0,19.1,119.65
2024-07-06,BrandX,1462,109.0,0.0,536,0,0,16.0,108.24
2024-07-07,BrandX,1516,109.0,0.0,206,0,0,20.7,99.37
2024-07-08,BrandX,1584,109.0,0.0,396,0,0,17.4,103.82
2024-07-09,BrandX,1601,109.0,0.0,511,0,0,18.6,107.61
2024-07-10,BrandX,1519,109.0,0.0,253,0,0,20.3,101.52
2024-07-11,BrandX,1488,109.0,0.0,410,0,0,19.1,118.76
2024-07-12,BrandX,1521,109.0,0.0,220,0,0,18.1,114.82
2024-07-13,BrandX,1456,109.0,0.0,247,0,0,17.0,103.95
2024-07-14,BrandX,1459,109.0,0.0,438,0,0,12.2,110.98
2024-07-15,BrandX,1570,109.0,0.0,280,0,0,19.2,113.83
2024-07-16,BrandX,1570,109.0,0.0,541,0,0,17.2,118.62
2024-07-17,BrandX,1635,109.0,0.0,614,0,0,20.5,117.32
2024-07-18,BrandX,1682,109.0,0.0,680,0,0,18.1,109.33
2024-07-19,BrandX,1565,109.0,0.0,320,0,0,16.1,114.99
2024-07-20,BrandX,1341,109.0,0.0,300,0,0,19.1,110.35
2024-07-21,BrandX,1399,109.0,0.0,263,0,0,19.2,110.15
2024-07-22,BrandX,1731,109.0,0.0,582,0,0,16.2,100.6
2024-07-23,BrandX,1612,109.0,0.0,624,0,0,18.9,100.85
2024-07-24,BrandX,1520,109.0,0.0,219,0,0,15.3,109.64
2024-07-25,BrandX,1676,109.0,0.0,762,0,0,16.5,103.96
2024-07-26,BrandX,1615,109.0,0.0,231,0,0,17.2,98.56
2024-07-27,BrandX,1575,109.0,0.0,525,0,0,17.5,113.86
2024-07-28,BrandX,1575,109.0,0.0,625,0,0,17.0,98.81
2024-07-29,BrandX,1606,109.0,0.0,723,0,0,14.9,111.08
2024-07-30,BrandX,1656,109.0,0.0,628,0,0,17.6,109.85
2024-07-31,BrandX,1683,109.0,0.0,681,0,0,15.0,119.22
2024-08-01,BrandX,1523,109.0,0.0,404,0,0,14.0,108.66
2024-08-02,BrandX,1596,109.0,0.0,689,0,0,13.9,99.49
2024-08-03,BrandX,1507,109.0,0.0,248,0,0,18.7,110.13
2024-08-04,BrandX,1532,109.0,0.0,737,0,0,13.2,116.44
2024-08-05,BrandX,1693,109.0,0.0,529,0,0,17.1,119.83
2024-08-06,BrandX,1702,109.0,0.0,690,0,0,12.1,107.48
2024-08-07,BrandX,1599,109.0,0.0,471,0,0,15.2,105.08
2024-08-08,BrandX,1635,109.0,0.0,586,0,0,14.7,117.87
2024-08-09,BrandX,1501,109.0,0.0,516,0,0,17.2,102.27
2024-08-10,BrandX,1522,109.0,0.0,639,0,0,12.5,111.52
2024-08-11,BrandX,1476,109.0,0.0,249,0,0,11.8,106.94
2024-08-12,BrandX,1536,109.0,0.0,236,0,0,13.3,99.0
2024-08-13,BrandX,1536,109.0,0.0,348,0,0,16.8,105.67
2024-08-14,BrandX,1611,109.0,0.0,296,0,0,11.5,103.88
2024-08-15,BrandX,1624,109.0,0.0,723,0,0,8.0,113.06
2024-08-16,BrandX,1478,109.0,0.0,332,0,0,13.2,118.78
2024-08-17,BrandX,1548,109.0,0.0,786,0,0,14.8,103.94
2024-08-18,BrandX,1468,109.0,0.0,402,0,0,10.8,115.79
2024-08-19,BrandX,1399,109.0,0.0,309,0,0,14.4,99.31
2024-08-20,BrandX,1626,109.0,0.0,674,0,0,10.5,109.83
2024-08-21,BrandX,1632,109.0,0.0,595,0,0,12.2,99.64
2024-08-22,BrandX,1535,109.0,0.0,499,0,0,13.9,118.46
2024-08-23,BrandX,1626,109.0,0.0,533,0,0,9.9,114.81
2024-08-24,BrandX,1515,109.0,0.0,632,0,0,12.5,112.44
2024-08-25,BrandX,1514,109.0,0.0,337,0,0,14.5,116.06
2024-08-26,BrandX,1586,109.0,0.0,798,0,0,12.9,112.22
2024-08-27,BrandX,1675,109.0,0.0,785,0,0,10.4,119.22
2024-08-28,BrandX,1503,109.0,0.0,590,0,0,14.8,113.66
2024-08-29,BrandX,1383,109.0,0.0,320,0,0,12.9,118.26
2024-08-30,BrandX,1442,109.0,0.0,608,0,0,7.8,109.37
2024-08-31,BrandX,1374,109.0,0.0,243,0,0,13.2,100.65
2024-09-01,BrandX,1342,109.0,0.0,218,0,0,10.2,109.61
2024-09-02,BrandX,1451,109.0,0.0,355,0,0,11.7,100.87
2024-09-03,BrandX,1407,109.0,0.0,478,0,0,13.2,111.02
2024-09-04,BrandX,1542,109.0,0.0,721,0,0,10.0,108.62
2024-09-05,BrandX,1556,109.0,0.0,636,0,0,7.7,111.67
2024-09-06,BrandX,1603,109.0,0.0,646,0,0,14.0,98.32
2024-09-07,BrandX,1384,109.0,0.0,455,0,0,13.2,102.35
2024-09-08,BrandX,1383,109.0,0.0,408,0,0,10.6,108.81
2024-09-09,BrandX,1457,109.0,0.0,423,0,0,12.5,118.82
2024-09-10,BrandX,1693,109.0,0.0,793,0,0,9.9,106.46
2024-09-11,BrandX,1353,109.0,0.0,224,0,0,10.8,107.35
2024-09-12,BrandX,1518,109.0,0.0,720,0,0,10.3,113.68
2024-09-13,BrandX,1475,109.0,0.0,547,0,0,9.9,111.26
2024-09-14,BrandX,1399,109.0,0.0,463,0,0,11.2,104.62
2024-09-15,BrandX,1353,109.0,0.0,635,0,0,8.0,107.06
2024-09-16,BrandX,1487,109.0,0.0,492,0,0,9.9,102.85
2024-09-17,BrandX,1556,109.0,0.0,724,0,0,10.9,119.16
2024-09-18,BrandX,1506,109.0,0.0,740,0,0,14.0,100.95
2024-09-19,BrandX,1478,109.0,0.0,453,0,0,7.9,106.21
2024-09-20,BrandX,1368,109.0,0.0,366,0,0,11.2,98.66
2024-09-21,BrandX,1305,109.0,0.0,555,0,0,11.4,102.93
2024-09-22,BrandX,1433,109.0,0.0,747,0,0,6.4,115.11
2024-09-23,BrandX,1308,109.0,0.0,326,0,0,10.9,102.49
2024-09-24,BrandX,1350,109.0,0.0,574,0,0,11.8,99.85
2024-09-25,BrandX,1509,109.0,0.0,579,0,0,11.2,108.44
2024-09-26,BrandX,1555,109.0,0.0,640,0,0,9.9,98.32
2024-09-27,BrandX,1352,109.0,0.0,279,0,0,10.7,99.95
2024-09-28,BrandX,1332,109.0,0.0,629,0,0,10.4,115.71
2024-09-29,BrandX,1464,109.0,0.0,745,0,0,6.6,114.92
2024-09-30,BrandX,1311,109.0,0.0,308,0,0,10.4,118.05
2024-10-01,BrandX,1784,87.2,0.2,856,1,1,9.3,93.38
2024-10-02,BrandX,2235,87.2,0.2,1957,1,1,8.6,90.39
2024-10-03,BrandX,1835,87.2,0.2,771,1,1,15.0,79.39
2024-10-04,BrandX,2198,87.2,0.2,1782,1,1,12.5,92.13
2024-10-05,BrandX,1729,87.2,0.2,1238,1,1,7.7,93.23
2024-10-06,BrandX,1660,87.2,0.2,871,1,1,10.7,92.42
2024-10-07,BrandX,2132,87.2,0.2,1806,1,1,13.0,87.35
2024-10-08,BrandX,1426,109.0,0.0,467,0,0,7.1,103.18
2024-10-09,BrandX,1461,109.0,0.0,509,0,0,10.2,116.53
2024-10-10,BrandX,1390,109.0,0.0,416,0,0,10.4,113.95
2024-10-11,BrandX,1428,109.0,0.0,556,0,0,7.6,119.48
2024-10-12,BrandX,1204,109.0,0.0,298,0,0,10.9,101.49
2024-10-13,BrandX,1361,109.0,0.0,435,0,0,12.4,103.02
2024-10-14,BrandX,1410,109.0,0.0,782,0,0,13.2,102.72
2024-10-15,BrandX,1367,109.0,0.0,355,0,0,9.8,115.38
2024-10-16,BrandX,1355,109.0,0.0,594,0,0,15.3,102.17
2024-10-17,BrandX,1383,109.0,0.0,395,0,0,6.2,99.55
2024-10-18,BrandX,1366,109.0,0.0,664,0,0,11.1,119.87
2024-10-19,BrandX,1244,109.0,0.0,279,0,0,7.6,98.64
2024-10-20,BrandX,1355,109.0,0.0,782,0,0,10.7,116.31
2024-10-21,BrandX,1467,109.0,0.0,472,0,0,9.5,106.06
2024-10-22,BrandX,1303,109.0,0.0,342,0,0,11.6,116.45
2024-10-23,BrandX,1313,109.0,0.0,244,0,0,10.4,110.19
2024-10-24,BrandX,1255,109.0,0.0,302,0,0,9.1,117.76
2024-10-25,BrandX,1344,109.0,0.0,512,0,0,9.3,118.29
2024-10-26,BrandX,1222,109.0,0.0,402,0,0,14.7,98.3
2024-10-27,BrandX,1210,109.0,0.0,697,0,0,11.8,99.74
2024-10-28,BrandX,1252,109.0,0.0,459,0,0,7.6,103.56
2024-10-29,BrandX,1337,109.0,0.0,349,0,0,12.2,112.69
2024-10-30,BrandX,1356,109.0,0.0,570,0,0,10.8,117.46
2024-10-31,BrandX,1342,109.0,0.0,624,0,0,11.3,108.13
2024-11-01,BrandX,1234,109.0,0.0,300,0,0,13.0,111.33
2024-11-02,BrandX,1124,109.0,0.0,301,0,0,13.8,102.21
2024-11-03,BrandX,1146,109.0,0.0,222,0,0,9.8,115.65
2024-11-04,BrandX,1399,109.0,0.0,642,0,0,11.5,119.19
2024-11-05,BrandX,1231,109.0,0.0,598,0,0,10.6,103.96
2024-11-06,BrandX,1405,109.0,0.0,485,0,0,13.0,108.89
2024-11-07,BrandX,1464,109.0,0.0,707,0,0,11.4,99.98
2024-11-08,BrandX,1235,109.0,0.0,683,0,0,12.0,110.29
2024-11-09,BrandX,1287,109.0,0.0,551,0,0,11.6,109.06
2024-11-10,BrandX,1334,109.0,0.0,721,0,0,12.0,101.25
2024-11-11,BrandX,2330,87.2,0.2,809,1,1,15.7,86.19
2024-11-12,BrandX,1162,109.0,0.0,267,0,0,17.2,105.38
2024-11-13,BrandX,1327,109.0,0.0,362,0,0,13.3,109.48
2024-11-14,BrandX,1211,109.0,0.0,234,0,0,12.4,110.87
2024-11-15,BrandX,1341,109.0,0.0,519,0,0,9.6,98.29
2024-11-16,BrandX,1402,109.0,0.0,762,0,0,11.4,114.69
2024-11-17,BrandX,1120,109.0,0.0,224,0,0,12.8,113.64
2024-11-18,BrandX,1173,109.0,0.0,273,0,0,11.7,106.09
2024-11-19,BrandX,1265,109.0,0.0,471,0,0,12.0,99.25
2024-11-20,BrandX,1322,109.0,0.0,760,0,0,16.5,114.56
2024-11-21,BrandX,1282,109.0,0.0,390,0,0,13.6,118.92
2024-11-22,BrandX,1240,109.0,0.0,504,0,0,13.9,103.34
2024-11-23,BrandX,1065,109.0,0.0,225,0,0,12.4,105.15
2024-11-24,BrandX,1033,109.0,0.0,289,0,0,16.3,102.11
2024-11-25,BrandX,1361,109.0,0.0,792,0,0,13.6,110.68
2024-11-26,BrandX,1374,109.0,0.0,779,0,0,13.2,101.48
2024-11-27,BrandX,1028,109.0,0.0,203,0,0,11.2,105.87
2024-11-28,BrandX,1373,109.0,0.0,771,0,0,14.4,113.29
2024-11-29,BrandX,1297,109.0,0.0,583,0,0,13.5,110.31
2024-11-30,BrandX,1184,109.0,0.0,721,0,0,18.1,106.52
2024-12-01,BrandX,1275,109.0,0.0,473,0,0,18.6,107.26
2024-12-02,BrandX,1330,109.0,0.0,509,0,0,12.6,110.35
2024-12-03,BrandX,1201,109.0,0.0,493,0,0,13.0,98.23
2024-12-04,BrandX,1348,109.0,0.0,600,0,0,14.8,99.81
2024-12-05,BrandX,1276,109.0,0.0,284,0,0,13.9,117.31
2024-12-06,BrandX,1188,109.0,0.0,218,0,0,16.1,99.8
2024-12-07,BrandX,1140,109.0,0.0,385,0,0,15.2,113.51
2024-12-08,BrandX,1209,109.0,0.0,623,0,0,16.5,118.16
2024-12-09,BrandX,1082,109.0,0.0,321,0,0,18.2,104.0
2024-12-10,BrandX,1280,109.0,0.0,604,0,0,14.2,106.18
2024-12-11,BrandX,1329,109.0,0.0,782,0,0,18.5,110.5
2024-12-12,BrandX,1271,109.0,0.0,256,0,0,15.2,117.32
2024-12-13,BrandX,1308,109.0,0.0,604,0,0,21.1,118.63
2024-12-14,BrandX,1118,109.0,0.0,466,0,0,20.2,114.22
2024-12-15,BrandX,1206,109.0,0.0,721,0,0,16.9,99.99
2024-12-16,BrandX,1258,109.0,0.0,306,0,0,15.4,112.69
2024-12-17,BrandX,1277,109.0,0.0,616,0,0,15.1,107.04
2024-12-18,BrandX,1272,109.0,0.0,703,0,0,19.4,108.36
2024-12-19,BrandX,1316,109.0,0.0,767,0,0,17.7,99.17
2024-12-20,BrandX,1341,109.0,0.0,610,0,0,19.8,102.27
2024-12-21,BrandX,1171,109.0,0.0,498,0,0,22.5,115.33
2024-12-22,BrandX,1165,109.0,0.0,571,0,0,16.7,108.0
2024-12-23,BrandX,1329,109.0,0.0,721,0,0,16.0,104.68
2024-12-24,BrandX,1230,109.0,0.0,542,0,0,19.0,106.47
2024-12-25,BrandX,1154,109.0,0.0,218,0,0,21.1,116.73
2024-12-26,BrandX,1288,109.0,0.0,759,0,0,17.1,114.43
2024-12-27,BrandX,1266,109.0,0.0,614,0,0,19.2,104.04
2024-12-28,BrandX,1252,109.0,0.0,606,0,0,22.1,100.66
2024-12-29,BrandX,1024,109.0,0.0,329,0,0,16.2,103.59
2024-12-30,BrandX,1237,109.0,0.0,595,0,0,20.1,118.17
2024-12-31,BrandX,1156,109.0,0.0,436,0,0,18.7,110.78
